Order Number,Carrier ID,Actual Heat,Target Heat,Actual Time,Target Time,Full Station Time,World Time
   0,3,  28,50,5000,5,     0  ,2020-09-08 14:09:31.781842
   0,3,  28,50,5000,5,     0  ,2020-09-08 14:09:32.025490
   0,3,  28,50,5000,5,     0  ,2020-09-08 14:09:32.272146
   0,3,  28,50,5000,5,     0  ,2020-09-08 14:09:32.526823
   0,3,  28,50,5000,5,     0  ,2020-09-08 14:09:32.778493
   0,3,  28,50,5000,5,     0  ,2020-09-08 14:09:33.030163
   0,3,  28,50,5000,5,     0  ,2020-09-08 14:09:33.275816
   0,3,  28,50,5000,5,     0  ,2020-09-08 14:09:33.522473
   0,3,  28,50,5000,5,     0  ,2020-09-08 14:09:33.763112
   0,3,  28,50,5000,5,     0  ,2020-09-08 14:09:34.024808
   0,3,  28,50,5000,5,     0  ,2020-09-08 14:09:34.270461
   0,3,  28,50,5000,5,     0  ,2020-09-08 14:09:34.513108
   0,3,  28,50,5000,5,     0  ,2020-09-08 14:09:34.762772
   0,3,  28,50,5000,5,     0  ,2020-09-08 14:09:35.004415
   0,3,  28,50,5000,5,     0  ,2020-09-08 14:09:35.249066
   0,3,  28,50,5000,5,     0  ,2020-09-08 14:09:35.512767
   0,3,  28,50,5000,5,     0  ,2020-09-08 14:09:35.755413
   0,3,  28,50,5000,5,     0  ,2020-09-08 14:09:36.006079
   0,3,  28,50,5000,5,     0  ,2020-09-08 14:09:36.261761
   0,3,  28,50,5000,5,     0  ,2020-09-08 14:09:36.508416
   0,3,  28,50,5000,5,     0  ,2020-09-08 14:09:36.758080
   0,3,  28,50,5000,5,     0  ,2020-09-08 14:09:37.020780
   0,3,  28,50,5000,5,     0  ,2020-09-08 14:09:37.270444
   0,3,  28,50,5000,5,     0  ,2020-09-08 14:09:37.517099
   0,3,  28,50,5000,5,     0  ,2020-09-08 14:09:37.766765
   0,3,  28,50,5000,5,     0  ,2020-09-08 14:09:38.007404
   0,3,  28,50,5000,5,     0  ,2020-09-08 14:09:38.253059
   0,3,  28,50,5000,5,     0  ,2020-09-08 14:09:38.494701
   0,3,  28,50,5000,5,     0  ,2020-09-08 14:09:38.740354
   0,3,  28,50,5000,5,     0  ,2020-09-08 14:09:38.990018
   0,3,  28,50,5000,5,     0  ,2020-09-08 14:09:39.243694
   0,3,  28,50,5000,5,     0  ,2020-09-08 14:09:39.498370
   0,3,  28,50,5000,5,     0  ,2020-09-08 14:09:39.740013
   0,3,  28,50,5000,5,     0  ,2020-09-08 14:09:39.989678
   0,3,  28,50,5000,5,     0  ,2020-09-08 14:09:40.241349
   0,3,  28,50,5000,5,     0  ,2020-09-08 14:09:40.482990
   0,3,  28,50,5000,5,     0  ,2020-09-08 14:09:40.727641
   0,3,  28,50,5000,5,     0  ,2020-09-08 14:09:40.979311
   0,3,  28,50,5000,5,     0  ,2020-09-08 14:09:41.227973
   0,3,  28,50,5000,5,     0  ,2020-09-08 14:09:41.470618
   0,3,  28,50,5000,5,     0  ,2020-09-08 14:09:41.716272
   0,3,  28,50,5000,5,     0  ,2020-09-08 14:09:41.966938
   0,3,  28,50,5000,5,     0  ,2020-09-08 14:09:42.207579
   0,3,  28,50,5000,5,     0  ,2020-09-08 14:09:42.454234
   0,3,  28,50,5000,5,     0  ,2020-09-08 14:09:42.706907
   0,3,  28,50,5000,5,     0  ,2020-09-08 14:09:42.959578
   0,3,  28,50,5000,5,     0  ,2020-09-08 14:09:43.204230
   0,3,  28,50,5000,5,     0  ,2020-09-08 14:09:43.454897
   0,3,  28,50,5000,5,     0  ,2020-09-08 14:09:43.700551
   0,3,  28,50,5000,5,     0  ,2020-09-08 14:09:43.951217
   0,3,  28,50,5000,5,     0  ,2020-09-08 14:09:44.194865
   0,3,  28,50,5000,5,     0  ,2020-09-08 14:09:44.437511
   0,3,  28,50,5000,5,     0  ,2020-09-08 14:09:44.682162
   0,3,  28,50,5000,5,     0  ,2020-09-08 14:09:44.934834
   0,3,  28,50,5000,5,     0  ,2020-09-08 14:09:45.177480
   0,3,  28,50,5000,5,     0  ,2020-09-08 14:09:45.418119
   0,3,  28,50,5000,5,     0  ,2020-09-08 14:09:45.663774
   0,3,  28,50,5000,5,     0  ,2020-09-08 14:09:45.906421
   0,3,  28,50,5000,5,     0  ,2020-09-08 14:09:46.148063
   0,3,  28,50,5000,5,     0  ,2020-09-08 14:09:46.398728
   0,3,  28,50,5000,5,     0  ,2020-09-08 14:09:46.646388
   0,3,  28,50,5000,5,     0  ,2020-09-08 14:09:46.896052
   0,3,  28,50,5000,5,     0  ,2020-09-08 14:09:47.140703
   0,3,  28,50,5000,5,     0  ,2020-09-08 14:09:47.392373
   0,3,  28,50,5000,5,     0  ,2020-09-08 14:09:47.638025
   0,3,  28,50,5000,5,     0  ,2020-09-08 14:09:47.880671
   0,3,  28,50,5000,5,     0  ,2020-09-08 14:09:48.135349
   0,3,  28,50,5000,5,     0  ,2020-09-08 14:09:48.387018
   0,3,  28,50,5000,5,     0  ,2020-09-08 14:09:48.631669
   0,3,  28,50,5000,5,     0  ,2020-09-08 14:09:48.884343
   0,3,  28,50,5000,5,     0  ,2020-09-08 14:09:49.127990
   0,3,  28,50,5000,5,     0  ,2020-09-08 14:09:49.370635
   0,3,  28,50,5000,5,     0  ,2020-09-08 14:09:49.628320
   0,3,  28,50,5000,5,     0  ,2020-09-08 14:09:49.869964
   0,3,  28,50,5000,5,     0  ,2020-09-08 14:09:50.118625
   0,3,  28,50,5000,5,     0  ,2020-09-08 14:09:50.355256
   0,3,  28,50,5000,5,     0  ,2020-09-08 14:09:50.599905
   0,3,  28,50,5000,5,     0  ,2020-09-08 14:09:50.844557
   0,3,  28,50,5000,5,     0  ,2020-09-08 14:09:51.086199
   0,3,  28,50,5000,5,     0  ,2020-09-08 14:09:51.336866
   0,3,  28,50,5000,5,     0  ,2020-09-08 14:09:51.577506
   0,3,  28,50,5000,5,     0  ,2020-09-08 14:09:51.820152
   0,3,  28,50,5000,5,     0  ,2020-09-08 14:09:52.062797
   0,3,  28,50,5000,5,     0  ,2020-09-08 14:09:52.304440
   0,3,  28,50,5000,5,     0  ,2020-09-08 14:09:52.553102
   0,3,  28,50,5000,5,     0  ,2020-09-08 14:09:52.803768
   0,3,  28,50,5000,5,     0  ,2020-09-08 14:09:53.048420
   0,3,  28,50,5000,5,     0  ,2020-09-08 14:09:53.306105
   0,3,  28,50,5000,5,     0  ,2020-09-08 14:09:53.540729
   0,3,  28,50,5000,5,     0  ,2020-09-08 14:09:53.790393
   0,3,  28,50,5000,5,     0  ,2020-09-08 14:09:54.035044
   0,3,  28,50,5000,5,     0  ,2020-09-08 14:09:54.288719
   0,3,  28,50,5000,5,     0  ,2020-09-08 14:09:54.536382
   0,3,  28,50,5000,5,     0  ,2020-09-08 14:09:54.778021
   0,3,  28,50,5000,5,     0  ,2020-09-08 14:09:55.030693
   0,3,  28,50,5000,5,     0  ,2020-09-08 14:09:55.273338
   0,3,  28,50,5000,5,     0  ,2020-09-08 14:09:55.519996
   0,3,  28,50,5000,5,     0  ,2020-09-08 14:09:55.761638
   0,3,  28,50,5000,5,     0  ,2020-09-08 14:09:56.003281
   0,3,  28,50,5000,5,     0  ,2020-09-08 14:09:56.250939
   0,3,  28,50,5000,5,     0  ,2020-09-08 14:09:56.501606
   0,3,  28,50,5000,5,     0  ,2020-09-08 14:09:56.747260
   0,3,  28,50,5000,5,     0  ,2020-09-08 14:09:56.991911
   0,3,  28,50,5000,5,     0  ,2020-09-08 14:09:57.429075
   0,3,  28,50,5000,5,     0  ,2020-09-08 14:09:58.791699
   0,3,  28,50,5000,5,     0  ,2020-09-08 14:09:58.816766
   0,3,  28,50,5000,5,     0  ,2020-09-08 14:09:58.877928
   0,3,  28,50,5000,5,     0  ,2020-09-08 14:09:59.121576
   0,3,  28,50,5000,5,     0  ,2020-09-08 14:09:59.319102
   0,3,  28,50,5000,5,     0  ,2020-09-08 14:09:59.563754
   0,3,  28,50,5000,5,     0  ,2020-09-08 14:09:59.826452
   0,3,  28,50,5000,5,     0  ,2020-09-08 14:10:00.067092
   0,3,  28,50,5000,5,     0  ,2020-09-08 14:10:00.312746
   0,3,  28,50,5000,5,     0  ,2020-09-08 14:10:00.555391
   0,3,  28,50,5000,5,     0  ,2020-09-08 14:10:00.807061
   0,3,  28,50,5000,5,     0  ,2020-09-08 14:10:01.049706
   0,3,  28,50,5000,5,     0  ,2020-09-08 14:10:01.305387
   0,3,  28,50,5000,5,     0  ,2020-09-08 14:10:01.552043
   0,3,  28,50,5000,5,     0  ,2020-09-08 14:10:01.804716
   0,3,  28,50,5000,5,     0  ,2020-09-08 14:10:02.055381
   0,3,  28,50,5000,5,     0  ,2020-09-08 14:10:02.301036
   0,3,  28,50,5000,5,     0  ,2020-09-08 14:10:02.549696
   0,3,  28,50,5000,5,     0  ,2020-09-08 14:10:02.798358
   0,3,  28,50,5000,5,     0  ,2020-09-08 14:10:03.050029
   0,3,  28,50,5000,5,     0  ,2020-09-08 14:10:03.294679
   0,3,  28,50,5000,5,     0  ,2020-09-08 14:10:03.542338
   0,3,  28,50,5000,5,     0  ,2020-09-08 14:10:03.783981
   0,3,  28,50,5000,5,     0  ,2020-09-08 14:10:04.044674
   0,3,  28,50,5000,5,     0  ,2020-09-08 14:10:04.287320
   0,3,  28,50,5000,5,     0  ,2020-09-08 14:10:04.533976
   0,3,  28,50,5000,5,     0  ,2020-09-08 14:10:04.783639
   0,3,  28,50,5000,5,     0  ,2020-09-08 14:10:05.034308
   0,3,  28,50,5000,5,     0  ,2020-09-08 14:10:05.282968
   0,3,  28,50,5000,5,     0  ,2020-09-08 14:10:05.525615
   0,3,  28,50,5000,5,     0  ,2020-09-08 14:10:05.783300
   0,3,  28,50,5000,5,     0  ,2020-09-08 14:10:06.036974
   0,3,  28,50,5000,5,     0  ,2020-09-08 14:10:06.277616
   0,3,  28,50,5000,5,     0  ,2020-09-08 14:10:06.524271
   0,3,  28,50,5000,5,     0  ,2020-09-08 14:10:06.782959
   0,3,  28,50,5000,5,     0  ,2020-09-08 14:10:07.043654
   0,3,  28,50,5000,5,     0  ,2020-09-08 14:10:07.286299
   0,3,  28,50,5000,5,     0  ,2020-09-08 14:10:07.535962
   0,3,  28,50,5000,5,     0  ,2020-09-08 14:10:07.775600
   0,3,  28,50,5000,5,     0  ,2020-09-08 14:10:08.017243
   0,3,  28,50,5000,5,     0  ,2020-09-08 14:10:08.258886
   0,3,  28,50,5000,5,     0  ,2020-09-08 14:10:08.501531
   0,3,  28,50,5000,5,     0  ,2020-09-08 14:10:08.748187
   0,3,  28,50,5000,5,     0  ,2020-09-08 14:10:08.998855
   0,3,  28,50,5000,5,     0  ,2020-09-08 14:10:09.242502
   0,3,  28,50,5000,5,     0  ,2020-09-08 14:10:09.485148
   0,3,  28,50,5000,5,     0  ,2020-09-08 14:10:09.731805
   0,3,  28,50,5000,5,     0  ,2020-09-08 14:10:09.993501
   0,3,  28,50,5000,5,     0  ,2020-09-08 14:10:10.235143
   0,3,  28,50,5000,5,     0  ,2020-09-08 14:10:10.478792
   0,3,  28,50,5000,5,     0  ,2020-09-08 14:10:10.732467
   0,3,  28,50,5000,5,     0  ,2020-09-08 14:10:10.984135
   0,3,  28,50,5000,5,     0  ,2020-09-08 14:10:11.232798
   0,3,  28,50,5000,5,     0  ,2020-09-08 14:10:11.473438
   0,3,  28,50,5000,5,     0  ,2020-09-08 14:10:11.720094
   0,3,  28,50,5000,5,     0  ,2020-09-08 14:10:11.961738
   0,3,  28,50,5000,5,     0  ,2020-09-08 14:10:12.203380
   0,3,  28,50,5000,5,     0  ,2020-09-08 14:10:12.451038
   0,3,  28,50,5000,5,     0  ,2020-09-08 14:10:12.693684
   0,3,  28,50,5000,5,     0  ,2020-09-08 14:10:12.936329
   0,3,  28,50,5000,5,     0  ,2020-09-08 14:10:13.178976
   0,3,  28,50,5000,5,     0  ,2020-09-08 14:10:13.432651
   0,3,  28,50,5000,5,     0  ,2020-09-08 14:10:13.679306
   0,3,  28,50,5000,5,     0  ,2020-09-08 14:10:13.930977
   0,3,  28,50,5000,5,     0  ,2020-09-08 14:10:14.173622
   0,3,  28,50,5000,5,     0  ,2020-09-08 14:10:14.416268
   0,3,  28,50,5000,5,     0  ,2020-09-08 14:10:14.661920
   0,3,  28,50,5000,5,     0  ,2020-09-08 14:10:14.914593
   0,3,  28,50,5000,5,     0  ,2020-09-08 14:10:15.167265
   0,3,  28,50,5000,5,     0  ,2020-09-08 14:10:15.406903
   0,3,  28,50,5000,5,     0  ,2020-09-08 14:10:15.652556
   0,3,  28,50,5000,5,     0  ,2020-09-08 14:10:15.894199
   0,3,  28,50,5000,5,     0  ,2020-09-08 14:10:16.139853
   0,3,  28,50,5000,5,     0  ,2020-09-08 14:10:16.389517
   0,3,  28,50,5000,5,     0  ,2020-09-08 14:10:16.637176
   0,3,  28,50,5000,5,     0  ,2020-09-08 14:10:16.878819
   0,3,  28,50,5000,5,     0  ,2020-09-08 14:10:17.121465
   0,3,  28,50,5000,5,     0  ,2020-09-08 14:10:17.374136
   0,3,  28,50,5000,5,     0  ,2020-09-08 14:10:17.619790
   0,3,  28,50,5000,5,     0  ,2020-09-08 14:10:17.865442
   0,3,  28,50,5000,5,     0  ,2020-09-08 14:10:18.122127
   0,3,  28,50,5000,5,     0  ,2020-09-08 14:10:18.363768
   0,3,  28,50,5000,5,     0  ,2020-09-08 14:10:18.602405
   0,3,  28,50,5000,5,     0  ,2020-09-08 14:10:18.856078
   0,3,  28,50,5000,5,     0  ,2020-09-08 14:10:19.097722
   0,3,  28,50,5000,5,     0  ,2020-09-08 14:10:19.350394
   0,3,  28,50,5000,5,     0  ,2020-09-08 14:10:19.594042
   0,3,  28,50,5000,5,     0  ,2020-09-08 14:10:19.846714
   0,3,  28,50,5000,5,     0  ,2020-09-08 14:10:20.089359
   0,3,  28,50,5000,5,     0  ,2020-09-08 14:10:20.336016
   0,3,  28,50,5000,5,     0  ,2020-09-08 14:10:20.577659
   0,3,  28,50,5000,5,     0  ,2020-09-08 14:10:20.822310
   0,3,  28,50,5000,5,     0  ,2020-09-08 14:10:21.072976
   0,3,  28,50,5000,5,     0  ,2020-09-08 14:10:21.330662
   0,3,  28,50,5000,5,     0  ,2020-09-08 14:10:21.574310
   0,3,  28,50,5000,5,     0  ,2020-09-08 14:10:21.825980
   0,3,  28,50,5000,5,     0  ,2020-09-08 14:10:22.069629
   0,3,  28,50,5000,5,     0  ,2020-09-08 14:10:22.310268
   0,3,  28,50,5000,5,     0  ,2020-09-08 14:10:22.566955
   0,3,  28,50,5000,5,     0  ,2020-09-08 14:10:22.810600
   0,3,  28,50,5000,5,     0  ,2020-09-08 14:10:23.061267
   0,3,  28,50,5000,5,     0  ,2020-09-08 14:10:23.307922
   0,3,  28,50,5000,5,     0  ,2020-09-08 14:10:23.553576
   0,3,  28,50,5000,5,     0  ,2020-09-08 14:10:23.817277
   0,3,  28,50,5000,5,     0  ,2020-09-08 14:10:24.065940
   0,3,  28,50,5000,5,     0  ,2020-09-08 14:10:24.310589
   0,3,  28,50,5000,5,     0  ,2020-09-08 14:10:24.554238
   0,3,  28,50,5000,5,     0  ,2020-09-08 14:10:24.806911
   0,3,  28,50,5000,5,     0  ,2020-09-08 14:10:25.049556
   0,3,  28,50,5000,5,     0  ,2020-09-08 14:10:25.301226
   0,3,  28,50,5000,5,     0  ,2020-09-08 14:10:25.548884
   0,3,  28,50,5000,5,     0  ,2020-09-08 14:10:25.799552
   0,3,  28,50,5000,5,     0  ,2020-09-08 14:10:26.053226
   0,3,  28,50,5000,5,     0  ,2020-09-08 14:10:26.297876
   0,3,  28,50,5000,5,     0  ,2020-09-08 14:10:26.544534
   0,3,  28,50,5000,5,     0  ,2020-09-08 14:10:26.803221
   0,3,  28,50,5000,5,     0  ,2020-09-08 14:10:27.045867
   0,3,  28,50,5000,5,     0  ,2020-09-08 14:10:27.289515
   0,3,  28,50,5000,5,     0  ,2020-09-08 14:10:27.544194
   0,3,  28,50,5000,5,     0  ,2020-09-08 14:10:27.784832
   0,3,  28,50,5000,5,     0  ,2020-09-08 14:10:28.036502
   0,3,  28,50,5000,5,     0  ,2020-09-08 14:10:28.278146
   0,3,  28,50,5000,5,     0  ,2020-09-08 14:10:28.520791
   0,3,  28,50,5000,5,     0  ,2020-09-08 14:10:28.774467
   0,3,  28,50,5000,5,     0  ,2020-09-08 14:10:29.035159
   0,3,  28,50,5000,5,     0  ,2020-09-08 14:10:29.279811
   0,3,  28,50,5000,5,     0  ,2020-09-08 14:10:29.536493
   0,3,  28,50,5000,5,     0  ,2020-09-08 14:10:29.795181
   0,3,  28,50,5000,5,     0  ,2020-09-08 14:10:30.037827
   0,3,  28,50,5000,5,     0  ,2020-09-08 14:10:30.290500
   0,3,  28,50,5000,5,     0  ,2020-09-08 14:10:30.545177
   0,3,  28,50,5000,5,     0  ,2020-09-08 14:10:30.795844
   0,3,  28,50,5000,5,     0  ,2020-09-08 14:10:31.046511
   0,3,  28,50,5000,5,     0  ,2020-09-08 14:10:31.293167
   0,3,  28,50,5000,5,     0  ,2020-09-08 14:10:31.538821
   0,3,  28,50,5000,5,     0  ,2020-09-08 14:10:31.788485
   0,3,  28,50,5000,5,     0  ,2020-09-08 14:10:32.040154
   0,3,  28,50,5000,5,     0  ,2020-09-08 14:10:32.284805
   0,3,  28,50,5000,5,     0  ,2020-09-08 14:10:32.539483
   0,3,  28,50,5000,5,     0  ,2020-09-08 14:10:32.789147
   0,3,  28,50,5000,5,     0  ,2020-09-08 14:10:34.185862
   0,3,  28,50,5000,5,     0  ,2020-09-08 14:10:34.188871
   0,3,  28,50,5000,5,     0  ,2020-09-08 14:10:34.391410
   0,3,  28,50,5000,5,     0  ,2020-09-08 14:10:34.648093
   0,3,  28,50,5000,5,     0  ,2020-09-08 14:10:34.886727
   0,3,  28,50,5000,5,     0  ,2020-09-08 14:10:35.131378
   0,3,  28,50,5000,5,     0  ,2020-09-08 14:10:35.383050
   0,3,  28,50,5000,5,     0  ,2020-09-08 14:10:35.627699
   0,3,  28,50,5000,5,     0  ,2020-09-08 14:10:35.869340
   0,3,  28,50,5000,5,     0  ,2020-09-08 14:10:36.123017
   0,3,  28,50,5000,5,     0  ,2020-09-08 14:10:36.374686
   0,3,  28,50,5000,5,     0  ,2020-09-08 14:10:36.620340
   0,3,  28,50,5000,5,     0  ,2020-09-08 14:10:36.872008
   0,3,  28,50,5000,5,     0  ,2020-09-08 14:10:37.115658
   0,3,  28,50,5000,5,     0  ,2020-09-08 14:10:37.358303
   0,3,  28,50,5000,5,     0  ,2020-09-08 14:10:37.601950
   0,3,  28,50,5000,5,     0  ,2020-09-08 14:10:37.856629
   0,3,  28,50,5000,5,     0  ,2020-09-08 14:10:38.097268
   0,3,  28,50,5000,5,     0  ,2020-09-08 14:10:38.350944
   0,3,  28,50,5000,5,     0  ,2020-09-08 14:10:38.597599
   0,3,  28,50,5000,5,     0  ,2020-09-08 14:10:38.841248
   0,3,  28,50,5000,5,     0  ,2020-09-08 14:10:39.083894
   0,3,  28,50,5000,5,     0  ,2020-09-08 14:10:39.327542
   0,3,  28,50,5000,5,     0  ,2020-09-08 14:10:39.573195
   0,3,  28,50,5000,5,     0  ,2020-09-08 14:10:39.815840
   0,3,  28,50,5000,5,     0  ,2020-09-08 14:10:40.059489
   0,3,  28,50,5000,5,     0  ,2020-09-08 14:10:40.305142
   0,3,  28,50,5000,5,     0  ,2020-09-08 14:10:40.556811
   0,3,  28,50,5000,5,     0  ,2020-09-08 14:10:40.799458
   0,3,  28,50,5000,5,     0  ,2020-09-08 14:10:41.051127
   0,3,  28,50,5000,5,     0  ,2020-09-08 14:10:41.300791
   0,3,  28,50,5000,5,     0  ,2020-09-08 14:10:41.548450
   0,3,  28,50,5000,5,     0  ,2020-09-08 14:10:41.789090
   0,3,  28,50,5000,5,     0  ,2020-09-08 14:10:42.044770
   0,3,  28,50,5000,5,     0  ,2020-09-08 14:10:42.285411
   0,3,  28,50,5000,5,     0  ,2020-09-08 14:10:42.530062
   0,3,  28,50,5000,5,     0  ,2020-09-08 14:10:42.774713
   0,3,  28,50,5000,5,     0  ,2020-09-08 14:10:43.029389
   0,3,  28,50,5000,5,     0  ,2020-09-08 14:10:43.274040
   0,3,  28,50,5000,5,     0  ,2020-09-08 14:10:43.517690
   0,3,  28,50,5000,5,     0  ,2020-09-08 14:10:43.773370
   0,3,  28,50,5000,5,     0  ,2020-09-08 14:10:44.034063
   0,3,  28,50,5000,5,     0  ,2020-09-08 14:10:44.277711
   0,3,  28,50,5000,5,     0  ,2020-09-08 14:10:44.529381
   0,3,  28,50,5000,5,     0  ,2020-09-08 14:10:44.775033
   0,3,  28,50,5000,5,     0  ,2020-09-08 14:10:45.018682
   0,3,  28,50,5000,5,     0  ,2020-09-08 14:10:45.271354
   0,3,  28,50,5000,5,     0  ,2020-09-08 14:10:45.514000
   0,3,  28,50,5000,5,     0  ,2020-09-08 14:10:45.759653
   0,3,  28,50,5000,5,     0  ,2020-09-08 14:10:46.011324
   0,3,  28,50,5000,5,     0  ,2020-09-08 14:10:46.263996
   0,3,  28,50,5000,5,     0  ,2020-09-08 14:10:46.506640
   0,3,  28,50,5000,5,     0  ,2020-09-08 14:10:46.756305
   0,3,  28,50,5000,5,     0  ,2020-09-08 14:10:46.993937
   0,3,  28,50,5000,5,     0  ,2020-09-08 14:10:47.238588
   0,3,  28,50,5000,5,     0  ,2020-09-08 14:10:47.489255
   0,3,  28,50,5000,5,     0  ,2020-09-08 14:10:47.736914
   0,3,  28,50,5000,5,     0  ,2020-09-08 14:10:47.977553
   0,3,  28,50,5000,5,     0  ,2020-09-08 14:10:48.220201
   0,3,  28,50,5000,5,     0  ,2020-09-08 14:10:48.462846
   0,3,  28,50,5000,5,     0  ,2020-09-08 14:10:48.708498
   0,3,  28,50,5000,5,     0  ,2020-09-08 14:10:48.961171
   0,3,  28,50,5000,5,     0  ,2020-09-08 14:10:49.203817
   0,3,  28,50,5000,5,     0  ,2020-09-08 14:10:49.447465
   0,3,  28,50,5000,5,     0  ,2020-09-08 14:10:49.693118
   0,3,  28,50,5000,5,     0  ,2020-09-08 14:10:49.934763
   0,3,  28,50,5000,5,     0  ,2020-09-08 14:10:50.187433
   0,3,  28,50,5000,5,     0  ,2020-09-08 14:10:50.431083
   0,3,  28,50,5000,5,     0  ,2020-09-08 14:10:50.683754
   0,3,  28,50,5000,5,     0  ,2020-09-08 14:10:50.927402
   0,3,  28,50,5000,5,     0  ,2020-09-08 14:10:51.175061
   0,3,  28,50,5000,5,     0  ,2020-09-08 14:10:51.425728
   0,3,  28,50,5000,5,     0  ,2020-09-08 14:10:51.670378
   0,3,  28,50,5000,5,     0  ,2020-09-08 14:10:51.914027
   0,3,  28,50,5000,5,     0  ,2020-09-08 14:10:52.155669
   0,3,  28,50,5000,5,     0  ,2020-09-08 14:10:52.398315
   0,3,  28,50,5000,5,     0  ,2020-09-08 14:10:52.643969
   0,3,  28,50,5000,5,     0  ,2020-09-08 14:10:52.894636
   0,3,  28,50,5000,5,     0  ,2020-09-08 14:10:53.143298
   0,3,  28,50,5000,5,     0  ,2020-09-08 14:10:53.393965
   0,3,  28,50,5000,5,     0  ,2020-09-08 14:10:53.640620
   0,3,  28,50,5000,5,     0  ,2020-09-08 14:10:53.890284
   0,3,  28,50,5000,5,     0  ,2020-09-08 14:10:54.144963
   0,3,  28,50,5000,5,     0  ,2020-09-08 14:10:54.396631
   0,3,  28,50,5000,5,     0  ,2020-09-08 14:10:54.643288
   0,3,  28,50,5000,5,     0  ,2020-09-08 14:10:54.891949
   0,3,  28,50,5000,5,     0  ,2020-09-08 14:10:55.138606
   0,3,  28,50,5000,5,     0  ,2020-09-08 14:10:55.389273
   0,3,  28,50,5000,5,     0  ,2020-09-08 14:10:55.641945
   0,3,  28,50,5000,5,     0  ,2020-09-08 14:10:55.891608
   0,3,  28,50,5000,5,     0  ,2020-09-08 14:10:56.136260
   0,3,  28,50,5000,5,     0  ,2020-09-08 14:10:56.387930
   0,3,  28,50,5000,5,     0  ,2020-09-08 14:10:56.634586
   0,3,  28,50,5000,5,     0  ,2020-09-08 14:10:56.873221
   0,3,  28,50,5000,5,     0  ,2020-09-08 14:10:57.125892
   0,3,  28,50,5000,5,     0  ,2020-09-08 14:10:57.375556
   0,3,  28,50,5000,5,     0  ,2020-09-08 14:10:57.620207
   0,3,  28,50,5000,5,     0  ,2020-09-08 14:10:57.870875
   0,3,  28,50,5000,5,     0  ,2020-09-08 14:10:58.123546
   0,3,  28,50,5000,5,     0  ,2020-09-08 14:10:58.374213
   0,3,  28,50,5000,5,     0  ,2020-09-08 14:10:58.619867
   0,3,  28,50,5000,5,     0  ,2020-09-08 14:10:58.859504
   0,3,  28,50,5000,5,     0  ,2020-09-08 14:10:59.101147
   0,3,  28,50,5000,5,     0  ,2020-09-08 14:10:59.350813
   0,3,  28,50,5000,5,     0  ,2020-09-08 14:10:59.600476
   0,3,  28,50,5000,5,     0  ,2020-09-08 14:10:59.852145
   0,3,  28,50,5000,5,     0  ,2020-09-08 14:11:00.101811
   0,3,  28,50,5000,5,     0  ,2020-09-08 14:11:00.357490
   0,3,  28,50,5000,5,     0  ,2020-09-08 14:11:00.602140
   0,3,  28,50,5000,5,     0  ,2020-09-08 14:11:00.845788
   0,3,  28,50,5000,5,     0  ,2020-09-08 14:11:01.086430
   0,3,  28,50,5000,5,     0  ,2020-09-08 14:11:01.335091
   0,3,  28,50,5000,5,     0  ,2020-09-08 14:11:01.579741
   0,3,  28,50,5000,5,     0  ,2020-09-08 14:11:01.823390
   0,3,  28,50,5000,5,     0  ,2020-09-08 14:11:02.073055
   0,3,  28,50,5000,5,     0  ,2020-09-08 14:11:02.319711
   0,3,  28,50,5000,5,     0  ,2020-09-08 14:11:02.563359
   0,3,  28,50,5000,5,     0  ,2020-09-08 14:11:02.814026
   0,3,  28,50,5000,5,     0  ,2020-09-08 14:11:03.073716
   0,3,  28,50,5000,5,     0  ,2020-09-08 14:11:03.324383
   0,3,  28,50,5000,5,     0  ,2020-09-08 14:11:03.570037
   0,3,  28,50,5000,5,     0  ,2020-09-08 14:11:03.813684
   0,3,  28,50,5000,5,     0  ,2020-09-08 14:11:04.054325
   0,3,  28,50,5000,5,     0  ,2020-09-08 14:11:04.297973
   0,3,  28,50,5000,5,     0  ,2020-09-08 14:11:04.553654
   0,3,  28,50,5000,5,     0  ,2020-09-08 14:11:04.797301
   0,3,  28,50,5000,5,     0  ,2020-09-08 14:11:05.041953
   0,3,  28,50,5000,5,     0  ,2020-09-08 14:11:05.289612
   0,3,  28,50,5000,5,     0  ,2020-09-08 14:11:05.541281
   0,3,  28,50,5000,5,     0  ,2020-09-08 14:11:05.786934
   0,3,  28,50,5000,5,     0  ,2020-09-08 14:11:06.039607
   0,3,  28,50,5000,5,     0  ,2020-09-08 14:11:06.286263
1745,3,  28,50,5000,5,    31  ,2020-09-08 14:11:06.532920
1745,3,  28,50,5000,5,   278  ,2020-09-08 14:11:06.779576
1745,3,  28,50,5000,5,   521  ,2020-09-08 14:11:07.022221
1745,3,  28,50,5000,5,   765  ,2020-09-08 14:11:07.264866
1745,3,  28,50,5000,5,  1009  ,2020-09-08 14:11:07.507512
1745,3,  28,50,5000,5,  1255  ,2020-09-08 14:11:07.754169
1745,3,  28,50,5000,5,  1506  ,2020-09-08 14:11:08.005837
1745,3,  28,50,5000,5,  1750  ,2020-09-08 14:11:08.251491
1745,3,  28,50,5000,5,  1993  ,2020-09-08 14:11:08.495139
1745,3,  28,50,5000,5,  2240  ,2020-09-08 14:11:08.739790
1745,3,  28,50,5000,5,  2482  ,2020-09-08 14:11:08.983440
1745,3,  28,50,5000,5,  2723  ,2020-09-08 14:11:09.227087
1745,3,  28,50,5000,5,  2968  ,2020-09-08 14:11:09.469732
1745,3,  28,50,5000,5,  3214  ,2020-09-08 14:11:09.715386
1745,3,  28,50,5000,5,  3468  ,2020-09-08 14:11:09.970063
1745,3,  28,50,5000,5,  3712  ,2020-09-08 14:11:10.213712
1745,3,  28,50,5000,5,  3957  ,2020-09-08 14:11:10.456357
1745,3,  28,50,5000,5,  4203  ,2020-09-08 14:11:10.702011
1745,3,  28,50,5000,5,  4445  ,2020-09-08 14:11:10.945659
1745,3,  28,50,5000,5,  4687  ,2020-09-08 14:11:11.194320
1745,3,  28,50,5000,5,  4938  ,2020-09-08 14:11:11.438972
1745,3,  28,50,5000,5,  5186  ,2020-09-08 14:11:11.685627
1745,3,  28,50,5000,5,  5428  ,2020-09-08 14:11:11.930278
1745,3,  28,50,5000,5,  5672  ,2020-09-08 14:11:12.175933
1745,3,  28,50,5000,5,  5916  ,2020-09-08 14:11:12.417575
1745,3,  28,50,5000,5,  6161  ,2020-09-08 14:11:12.664232
1745,3,  29,50,5000,5,  6407  ,2020-09-08 14:11:12.906876
1745,3,  29,50,5000,5,  6649  ,2020-09-08 14:11:13.151528
1745,3,  29,50,5000,5,  6896  ,2020-09-08 14:11:13.399186
1745,3,  29,50,5000,5,  7141  ,2020-09-08 14:11:13.645843
1745,3,  29,50,5000,5,  7387  ,2020-09-08 14:11:13.890493
1745,3,  29,50,5000,5,  7631  ,2020-09-08 14:11:14.134142
1745,3,  29,50,5000,5,  7876  ,2020-09-08 14:11:14.376787
1745,3,  29,50,5000,5,  8119  ,2020-09-08 14:11:14.622440
1745,3,  29,50,5000,5,  8364  ,2020-09-08 14:11:14.865086
1745,3,  29,50,5000,5,  8606  ,2020-09-08 14:11:15.105728
1745,3,  29,50,5000,5,  8851  ,2020-09-08 14:11:15.350377
1745,3,  29,50,5000,5,  9093  ,2020-09-08 14:11:15.596031
1745,3,  29,50,5000,5,  9339  ,2020-09-08 14:11:15.840682
1745,3,  29,50,5000,5,  9583  ,2020-09-08 14:11:16.084331
1745,3,  29,50,5000,5,  9826  ,2020-09-08 14:11:16.328980
1745,3,  30,50,5000,5, 10071  ,2020-09-08 14:11:16.573632
1745,3,  30,50,5000,5, 10315  ,2020-09-08 14:11:16.826304
1745,3,  30,50,5000,5, 10568  ,2020-09-08 14:11:17.075968
1745,3,  30,50,5000,5, 10820  ,2020-09-08 14:11:17.322625
1745,3,  30,50,5000,5, 11065  ,2020-09-08 14:11:17.568278
1745,3,  30,50,5000,5, 11309  ,2020-09-08 14:11:17.808918
1745,3,  30,50,5000,5, 11562  ,2020-09-08 14:11:18.061590
1745,3,  30,50,5000,5, 11805  ,2020-09-08 14:11:18.315265
1745,3,  30,50,5000,5, 12057  ,2020-09-08 14:11:18.559916
1745,3,  30,50,5000,5, 12301  ,2020-09-08 14:11:18.801559
1745,3,  30,50,5000,5, 12544  ,2020-09-08 14:11:19.044204
1745,3,  30,50,5000,5, 12787  ,2020-09-08 14:11:19.287852
1745,3,  31,50,5000,5, 13030  ,2020-09-08 14:11:19.532504
1745,3,  31,50,5000,5, 13277  ,2020-09-08 14:11:19.775149
1745,3,  31,50,5000,5, 13518  ,2020-09-08 14:11:20.018798
1745,3,  31,50,5000,5, 13763  ,2020-09-08 14:11:20.262446
1745,3,  31,50,5000,5, 14013  ,2020-09-08 14:11:20.525145
1745,3,  31,50,5000,5, 14268  ,2020-09-08 14:11:20.767791
1745,3,  31,50,5000,5, 14511  ,2020-09-08 14:11:21.012442
1745,3,  31,50,5000,5, 14760  ,2020-09-08 14:11:21.259097
1745,3,  31,50,5000,5, 15001  ,2020-09-08 14:11:21.507758
1745,3,  31,50,5000,5, 15248  ,2020-09-08 14:11:21.748399
1745,3,  31,50,5000,5, 15499  ,2020-09-08 14:11:21.999065
1745,3,  32,50,5000,5, 15741  ,2020-09-08 14:11:22.477338
1745,3,  32,50,5000,5, 15985  ,2020-09-08 14:11:23.143109
1745,3,  32,50,5000,5, 16371  ,2020-09-08 14:11:23.146118
1745,3,  32,50,5000,5, 16613  ,2020-09-08 14:11:23.252400
1745,3,  32,50,5000,5, 16858  ,2020-09-08 14:11:23.738694
1745,3,  32,50,5000,5, 17104  ,2020-09-08 14:11:23.781808
1745,3,  32,50,5000,5, 17471  ,2020-09-08 14:11:24.124722
1745,3,  32,50,5000,5, 17836  ,2020-09-08 14:11:24.347314
1745,3,  32,50,5000,5, 18089  ,2020-09-08 14:11:24.591965
1745,3,  33,50,5000,5, 18345  ,2020-09-08 14:11:24.847644
1745,3,  33,50,5000,5, 18596  ,2020-09-08 14:11:25.098312
1745,3,  33,50,5000,5, 18840  ,2020-09-08 14:11:25.341959
1745,3,  33,50,5000,5, 19083  ,2020-09-08 14:11:25.587613
1745,3,  33,50,5000,5, 19330  ,2020-09-08 14:11:25.830258
1745,3,  33,50,5000,5, 19573  ,2020-09-08 14:11:26.075913
1745,3,  33,50,5000,5, 19818  ,2020-09-08 14:11:26.320564
1745,3,  33,50,5000,5, 20062  ,2020-09-08 14:11:26.567220
1745,3,  33,50,5000,5, 20310  ,2020-09-08 14:11:26.811869
1745,3,  33,50,5000,5, 20553  ,2020-09-08 14:11:27.053513
1745,3,  33,50,5000,5, 20797  ,2020-09-08 14:11:27.297161
1745,3,  34,50,5000,5, 21038  ,2020-09-08 14:11:27.541812
1745,3,  34,50,5000,5, 21287  ,2020-09-08 14:11:27.788469
1745,3,  34,50,5000,5, 21530  ,2020-09-08 14:11:28.031113
1745,3,  34,50,5000,5, 21775  ,2020-09-08 14:11:28.274762
1745,3,  34,50,5000,5, 22018  ,2020-09-08 14:11:28.519412
1745,3,  34,50,5000,5, 22265  ,2020-09-08 14:11:28.766069
1745,3,  34,50,5000,5, 22509  ,2020-09-08 14:11:29.008714
1745,3,  34,50,5000,5, 22753  ,2020-09-08 14:11:29.255371
1745,3,  34,50,5000,5, 22997  ,2020-09-08 14:11:29.497014
1745,3,  34,50,5000,5, 23244  ,2020-09-08 14:11:29.743670
1745,3,  34,50,5000,5, 23486  ,2020-09-08 14:11:29.989324
1745,3,  34,50,5000,5, 23730  ,2020-09-08 14:11:30.233975
1745,3,  35,50,5000,5, 23975  ,2020-09-08 14:11:30.480631
1745,3,  35,50,5000,5, 24222  ,2020-09-08 14:11:30.725282
1745,3,  35,50,5000,5, 24475  ,2020-09-08 14:11:30.974946
1745,3,  35,50,5000,5, 24717  ,2020-09-08 14:11:31.222605
1745,3,  35,50,5000,5, 24965  ,2020-09-08 14:11:31.465251
1745,3,  35,50,5000,5, 25211  ,2020-09-08 14:11:31.712908
1745,3,  35,50,5000,5, 25454  ,2020-09-08 14:11:31.954551
1745,3,  35,50,5000,5, 25696  ,2020-09-08 14:11:32.199202
1745,3,  35,50,5000,5, 25941  ,2020-09-08 14:11:32.441848
1745,3,  35,50,5000,5, 26185  ,2020-09-08 14:11:32.688504
1745,3,  35,50,5000,5, 26429  ,2020-09-08 14:11:32.931150
1745,3,  36,50,5000,5, 26673  ,2020-09-08 14:11:33.177806
1745,3,  36,50,5000,5, 26921  ,2020-09-08 14:11:33.423459
1745,3,  36,50,5000,5, 27169  ,2020-09-08 14:11:33.671118
1745,3,  36,50,5000,5, 27414  ,2020-09-08 14:11:33.914767
1745,3,  36,50,5000,5, 27658  ,2020-09-08 14:11:34.161422
1745,3,  36,50,5000,5, 27901  ,2020-09-08 14:11:34.402064
1745,3,  36,50,5000,5, 28145  ,2020-09-08 14:11:34.648719
1745,3,  36,50,5000,5, 28400  ,2020-09-08 14:11:34.900389
1745,3,  36,50,5000,5, 28652  ,2020-09-08 14:11:35.154064
1745,3,  36,50,5000,5, 28897  ,2020-09-08 14:11:35.397713
1745,3,  36,50,5000,5, 29140  ,2020-09-08 14:11:35.645370
1745,3,  36,50,5000,5, 29387  ,2020-09-08 14:11:35.888016
1745,3,  37,50,5000,5, 29630  ,2020-09-08 14:11:36.132668
1745,3,  37,50,5000,5, 29874  ,2020-09-08 14:11:36.375313
1745,3,  37,50,5000,5, 30119  ,2020-09-08 14:11:36.623976
1745,3,  37,50,5000,5, 30365  ,2020-09-08 14:11:36.874641
1745,3,  37,50,5000,5, 30616  ,2020-09-08 14:11:37.117287
1745,3,  37,50,5000,5, 30859  ,2020-09-08 14:11:37.360935
1745,3,  37,50,5000,5, 31103  ,2020-09-08 14:11:37.606589
1745,3,  37,50,5000,5, 31351  ,2020-09-08 14:11:37.852242
1745,3,  37,50,5000,5, 31592  ,2020-09-08 14:11:38.092883
1745,3,  37,50,5000,5, 31836  ,2020-09-08 14:11:38.337534
1745,3,  37,50,5000,5, 32079  ,2020-09-08 14:11:38.584189
1745,3,  38,50,5000,5, 32325  ,2020-09-08 14:11:38.828840
1745,3,  38,50,5000,5, 32569  ,2020-09-08 14:11:39.069481
1745,3,  38,50,5000,5, 32814  ,2020-09-08 14:11:39.315133
1745,3,  38,50,5000,5, 33058  ,2020-09-08 14:11:39.559786
1745,3,  38,50,5000,5, 33313  ,2020-09-08 14:11:39.815465
1745,3,  38,50,5000,5, 33556  ,2020-09-08 14:11:40.061118
1745,3,  38,50,5000,5, 33800  ,2020-09-08 14:11:40.309781
1745,3,  38,50,5000,5, 34053  ,2020-09-08 14:11:40.553428
1745,3,  38,50,5000,5, 34299  ,2020-09-08 14:11:40.799081
1745,3,  38,50,5000,5, 34540  ,2020-09-08 14:11:41.050751
1745,3,  38,50,5000,5, 34799  ,2020-09-08 14:11:41.299413
1745,3,  38,50,5000,5, 35040  ,2020-09-08 14:11:41.543061
1745,3,  38,50,5000,5, 35287  ,2020-09-08 14:11:41.797739
1745,3,  39,50,5000,5, 35540  ,2020-09-08 14:11:42.051413
1745,3,  39,50,5000,5, 35794  ,2020-09-08 14:11:42.294060
1745,3,  39,50,5000,5, 36034  ,2020-09-08 14:11:42.545729
1745,3,  39,50,5000,5, 36291  ,2020-09-08 14:11:42.790380
1745,3,  39,50,5000,5, 36532  ,2020-09-08 14:11:43.034028
1745,3,  39,50,5000,5, 36776  ,2020-09-08 14:11:43.279682
1745,3,  39,50,5000,5, 37020  ,2020-09-08 14:11:43.526338
1745,3,  39,50,5000,5, 37269  ,2020-09-08 14:11:43.769986
1745,3,  39,50,5000,5, 37510  ,2020-09-08 14:11:44.020652
1745,3,  39,50,5000,5, 37764  ,2020-09-08 14:11:44.264302
1745,3,  39,50,5000,5, 38006  ,2020-09-08 14:11:44.507948
1745,3,  39,50,5000,5, 38251  ,2020-09-08 14:11:44.751597
1745,3,  40,50,5000,5, 38494  ,2020-09-08 14:11:45.005272
1745,3,  40,50,5000,5, 38746  ,2020-09-08 14:11:45.255939
1745,3,  40,50,5000,5, 39007  ,2020-09-08 14:11:45.510616
1745,3,  40,50,5000,5, 39253  ,2020-09-08 14:11:45.753262
1745,3,  40,50,5000,5, 39504  ,2020-09-08 14:11:46.003929
1745,3,  40,50,5000,5, 39749  ,2020-09-08 14:11:46.251588
1745,3,  40,50,5000,5, 39991  ,2020-09-08 14:11:46.491226
1745,3,  40,50,5000,5, 40236  ,2020-09-08 14:11:46.737881
1745,3,  40,50,5000,5, 40489  ,2020-09-08 14:11:46.989551
1745,3,  40,50,5000,5, 40730  ,2020-09-08 14:11:47.234203
1745,3,  40,50,5000,5, 40976  ,2020-09-08 14:11:47.477850
1745,3,  40,50,5000,5, 41222  ,2020-09-08 14:11:47.721499
1745,3,  40,50,5000,5, 41464  ,2020-09-08 14:11:47.973168
1745,3,  41,50,5000,5, 41714  ,2020-09-08 14:11:48.216816
1745,3,  41,50,5000,5, 41958  ,2020-09-08 14:11:48.459462
1745,3,  41,50,5000,5, 42204  ,2020-09-08 14:11:48.706118
1745,3,  41,50,5000,5, 42448  ,2020-09-08 14:11:48.947761
1745,3,  41,50,5000,5, 42690  ,2020-09-08 14:11:49.191409
1745,3,  41,50,5000,5, 42932  ,2020-09-08 14:11:49.443080
1745,3,  41,50,5000,5, 43185  ,2020-09-08 14:11:49.688732
1745,3,  41,50,5000,5, 43430  ,2020-09-08 14:11:49.936390
1745,3,  41,50,5000,5, 43673  ,2020-09-08 14:11:50.176029
1745,3,  41,50,5000,5, 43918  ,2020-09-08 14:11:50.422685
1745,3,  41,50,5000,5, 44162  ,2020-09-08 14:11:50.663326
1745,3,  41,50,5000,5, 44405  ,2020-09-08 14:11:50.905970
1745,3,  41,50,5000,5, 44648  ,2020-09-08 14:11:51.153630
1745,3,  41,50,5000,5, 44894  ,2020-09-08 14:11:51.394270
1745,3,  42,50,5000,5, 45136  ,2020-09-08 14:11:51.640927
1745,3,  42,50,5000,5, 45382  ,2020-09-08 14:11:51.882569
1745,3,  42,50,5000,5, 45625  ,2020-09-08 14:11:52.128223
1745,3,  42,50,5000,5, 45870  ,2020-09-08 14:11:52.371871
1745,3,  42,50,5000,5, 46112  ,2020-09-08 14:11:52.616521
1745,3,  42,50,5000,5, 46359  ,2020-09-08 14:11:52.860169
1745,3,  42,50,5000,5, 46603  ,2020-09-08 14:11:53.101812
1745,3,  42,50,5000,5, 46847  ,2020-09-08 14:11:53.350473
1745,3,  42,50,5000,5, 47092  ,2020-09-08 14:11:53.597130
1745,3,  42,50,5000,5, 47340  ,2020-09-08 14:11:53.842784
1745,3,  42,50,5000,5, 47593  ,2020-09-08 14:11:54.094453
1745,3,  42,50,5000,5, 47839  ,2020-09-08 14:11:54.340107
1745,3,  42,50,5000,5, 48082  ,2020-09-08 14:11:54.584761
1745,3,  42,50,5000,5, 48326  ,2020-09-08 14:11:54.828409
1745,3,  43,50,5000,5, 48570  ,2020-09-08 14:11:55.072054
1745,3,  43,50,5000,5, 48814  ,2020-09-08 14:11:55.315702
1745,3,  43,50,5000,5, 49058  ,2020-09-08 14:11:55.559351
1745,3,  43,50,5000,5, 49304  ,2020-09-08 14:11:55.804001
1745,3,  43,50,5000,5, 49548  ,2020-09-08 14:11:56.049656
1745,3,  43,50,5000,5, 49793  ,2020-09-08 14:11:56.293304
1745,3,  43,50,5000,5, 50034  ,2020-09-08 14:11:56.537954
1745,3,  43,50,5000,5, 50281  ,2020-09-08 14:11:56.781603
1745,3,  43,50,5000,5, 50523  ,2020-09-08 14:11:57.025251
1745,3,  43,50,5000,5, 50768  ,2020-09-08 14:11:57.269901
1745,3,  43,50,5000,5, 51011  ,2020-09-08 14:11:57.513549
1745,3,  43,50,5000,5, 51257  ,2020-09-08 14:11:57.759202
1745,3,  43,50,5000,5, 51501  ,2020-09-08 14:11:58.000847
1745,3,  43,50,5000,5, 51746  ,2020-09-08 14:11:58.245497
1745,3,  43,50,5000,5, 51990  ,2020-09-08 14:11:58.490147
1745,3,  44,50,5000,5, 52234  ,2020-09-08 14:11:58.735802
1745,3,  44,50,5000,5, 52478  ,2020-09-08 14:11:58.978447
1745,3,  44,50,5000,5, 52720  ,2020-09-08 14:11:59.227108
1745,3,  44,50,5000,5, 52968  ,2020-09-08 14:11:59.467749
1745,3,  44,50,5000,5, 53213  ,2020-09-08 14:11:59.714405
1745,3,  44,50,5000,5, 53456  ,2020-09-08 14:11:59.964069
1745,3,  44,50,5000,5, 53715  ,2020-09-08 14:12:00.217744
1745,3,  44,50,5000,5, 53959  ,2020-09-08 14:12:00.461393
1745,3,  44,50,5000,5, 54202  ,2020-09-08 14:12:00.706043
1745,3,  44,50,5000,5, 54449  ,2020-09-08 14:12:00.948689
1745,3,  44,50,5000,5, 54692  ,2020-09-08 14:12:01.199355
1745,3,  44,50,5000,5, 54939  ,2020-09-08 14:12:01.442002
1745,3,  44,50,5000,5, 55184  ,2020-09-08 14:12:01.687654
1745,3,  44,50,5000,5, 55429  ,2020-09-08 14:12:01.931303
1745,3,  44,50,5000,5, 55682  ,2020-09-08 14:12:02.183974
1745,3,  44,50,5000,5, 55927  ,2020-09-08 14:12:02.428625
1745,3,  45,50,5000,5, 56171  ,2020-09-08 14:12:02.674280
1745,3,  45,50,5000,5, 56415  ,2020-09-08 14:12:02.917927
1745,3,  45,50,5000,5, 56667  ,2020-09-08 14:12:03.169597
1745,3,  45,50,5000,5, 56913  ,2020-09-08 14:12:03.415252
1745,3,  45,50,5000,5, 57158  ,2020-09-08 14:12:03.662909
1745,3,  45,50,5000,5, 57407  ,2020-09-08 14:12:03.906558
1745,3,  45,50,5000,5, 57650  ,2020-09-08 14:12:04.152211
1745,3,  45,50,5000,5, 57894  ,2020-09-08 14:12:04.396862
1745,3,  45,50,5000,5, 58138  ,2020-09-08 14:12:04.643518
1745,3,  45,50,5000,5, 58385  ,2020-09-08 14:12:04.886164
1745,3,  45,50,5000,5, 58628  ,2020-09-08 14:12:05.130814
1745,3,  45,50,5000,5, 58873  ,2020-09-08 14:12:05.382485
1745,3,  45,50,5000,5, 59124  ,2020-09-08 14:12:05.629141
1745,3,  45,50,5000,5, 59371  ,2020-09-08 14:12:05.871787
1745,3,  45,50,5000,5, 59613  ,2020-09-08 14:12:06.115435
1745,3,  45,50,5000,5, 59859  ,2020-09-08 14:12:06.360085
1745,3,  46,50,5000,5, 60103  ,2020-09-08 14:12:06.607744
1745,3,  46,50,5000,5, 60348  ,2020-09-08 14:12:06.858410
1745,3,  46,50,5000,5, 60600  ,2020-09-08 14:12:07.101057
1745,3,  46,50,5000,5, 60852  ,2020-09-08 14:12:07.352726
1745,3,  46,50,5000,5, 61095  ,2020-09-08 14:12:07.598380
1745,3,  46,50,5000,5, 61340  ,2020-09-08 14:12:07.850049
1745,3,  46,50,5000,5, 61592  ,2020-09-08 14:12:08.091692
1745,3,  46,50,5000,5, 61835  ,2020-09-08 14:12:08.346370
1745,3,  46,50,5000,5, 62086  ,2020-09-08 14:12:08.591020
1745,3,  46,50,5000,5, 62332  ,2020-09-08 14:12:08.833665
1745,3,  46,50,5000,5, 62574  ,2020-09-08 14:12:09.084333
1745,3,  46,50,5000,5, 62827  ,2020-09-08 14:12:09.337006
1745,3,  46,50,5000,5, 63080  ,2020-09-08 14:12:09.584664
1745,3,  46,50,5000,5, 63334  ,2020-09-08 14:12:09.844355
1745,3,  46,50,5000,5, 63585  ,2020-09-08 14:12:10.087001
1745,3,  46,50,5000,5, 63829  ,2020-09-08 14:12:10.330649
1745,3,  46,50,5000,5, 64080  ,2020-09-08 14:12:10.583320
1745,3,  46,50,5000,5, 64325  ,2020-09-08 14:12:10.824963
1745,3,  47,50,5000,5, 64566  ,2020-09-08 14:12:11.066606
1745,3,  47,50,5000,5, 64814  ,2020-09-08 14:12:11.315269
1745,3,  47,50,5000,5, 65057  ,2020-09-08 14:12:11.558916
1745,3,  47,50,5000,5, 65303  ,2020-09-08 14:12:11.802564
1745,3,  47,50,5000,5, 65555  ,2020-09-08 14:12:12.054233
1745,3,  47,50,5000,5, 65798  ,2020-09-08 14:12:12.297881
1745,3,  47,50,5000,5, 66039  ,2020-09-08 14:12:12.540527
1745,3,  47,50,5000,5, 66285  ,2020-09-08 14:12:12.786181
1745,3,  47,50,  20,5, 66527  ,2020-09-08 14:12:13.028826
1745,3,  47,50, 264,5, 66771  ,2020-09-08 14:12:13.272475
1745,3,  47,50, 508,5, 67015  ,2020-09-08 14:12:13.516123
1745,3,  47,50, 754,5, 67262  ,2020-09-08 14:12:13.762779
1745,3,  47,50, 999,5, 67506  ,2020-09-08 14:12:14.009435
1745,3,  47,50,1241,5, 67752  ,2020-09-08 14:12:14.254086
1745,3,  47,50,1496,5, 68004  ,2020-09-08 14:12:14.503750
1745,3,  47,50,1741,5, 68250  ,2020-09-08 14:12:14.751410
1745,3,  47,50,1986,5, 68494  ,2020-09-08 14:12:14.995058
1745,3,  48,50,2229,5, 68736  ,2020-09-08 14:12:15.238705
1745,3,  48,50,2472,5, 68980  ,2020-09-08 14:12:15.482354
1745,3,  48,50,2719,5, 69226  ,2020-09-08 14:12:15.729010
1745,3,  48,50,2973,5, 69480  ,2020-09-08 14:12:15.980679
1745,3,  48,50,3214,5, 69722  ,2020-09-08 14:12:16.224328
1745,3,  48,50,3460,5, 69967  ,2020-09-08 14:12:16.467976
1745,3,  48,50,3702,5, 70209  ,2020-09-08 14:12:16.713630
1745,3,  48,50,3947,5, 70454  ,2020-09-08 14:12:16.954270
1745,3,  48,50,4188,5, 70696  ,2020-09-08 14:12:17.199924
1745,3,  48,50,4434,5, 70943  ,2020-09-08 14:12:17.442569
1745,3,  48,50,4677,5, 71184  ,2020-09-08 14:12:17.687220
1745,3,  48,50,4921,5, 71428  ,2020-09-08 14:12:17.988020
   0,3,  48,50,5000,5,     0  ,2020-09-08 14:12:18.257738
   0,3,  48,50,5000,5,     0  ,2020-09-08 14:12:18.425183
   0,3,  48,50,5000,5,     0  ,2020-09-08 14:12:18.733003
   0,3,  48,50,5000,5,     0  ,2020-09-08 14:12:18.908469
   0,3,  48,50,5000,5,     0  ,2020-09-08 14:12:19.195234
   0,3,  48,50,5000,5,     0  ,2020-09-08 14:12:19.482999
   0,3,  48,50,5000,5,     0  ,2020-09-08 14:12:19.654453
   0,3,  48,50,5000,5,     0  ,2020-09-08 14:12:19.961271
   0,3,  48,50,5000,5,     0  ,2020-09-08 14:12:20.139745
   0,3,  48,50,5000,5,     0  ,2020-09-08 14:12:20.412470
   0,3,  49,50,5000,5,     0  ,2020-09-08 14:12:20.719287
   0,3,  49,50,5000,5,     0  ,2020-09-08 14:12:20.882721
   0,3,  49,50,5000,5,     0  ,2020-09-08 14:12:21.178508
   0,3,  49,50,5000,5,     0  ,2020-09-08 14:12:21.373025
   0,3,  49,50,5000,5,     0  ,2020-09-08 14:12:21.616675
   0,3,  49,50,5000,5,     0  ,2020-09-08 14:12:21.858317
   0,3,  49,50,5000,5,     0  ,2020-09-08 14:12:22.100963
   0,3,  49,50,5000,5,     0  ,2020-09-08 14:12:22.344610
   0,3,  49,50,5000,5,     0  ,2020-09-08 14:12:22.592269
   0,3,  49,50,5000,5,     0  ,2020-09-08 14:12:22.832910
   0,3,  49,50,5000,5,     0  ,2020-09-08 14:12:23.074552
   0,3,  49,50,5000,5,     0  ,2020-09-08 14:12:23.324217
   0,3,  49,50,5000,5,     0  ,2020-09-08 14:12:23.573881
   0,3,  49,50,5000,5,     0  ,2020-09-08 14:12:23.830563
   0,3,  49,50,5000,5,     0  ,2020-09-08 14:12:24.073209
   0,3,  49,50,5000,5,     0  ,2020-09-08 14:12:24.316858
   0,3,  49,50,5000,5,     0  ,2020-09-08 14:12:24.560506
   0,3,  49,50,5000,5,     0  ,2020-09-08 14:12:24.805157
   0,3,  49,50,5000,5,     0  ,2020-09-08 14:12:25.058832
   0,3,  49,50,5000,5,     0  ,2020-09-08 14:12:25.300474
   0,3,  49,50,5000,5,     0  ,2020-09-08 14:12:25.544122
   0,3,  49,50,5000,5,     0  ,2020-09-08 14:12:25.787770
   0,3,  49,50,5000,5,     0  ,2020-09-08 14:12:26.030417
   0,3,  49,50,5000,5,     0  ,2020-09-08 14:12:26.274065
   0,3,  49,50,5000,5,     0  ,2020-09-08 14:12:26.526736
   0,3,  49,50,5000,5,     0  ,2020-09-08 14:12:26.770385
   0,3,  49,50,5000,5,     0  ,2020-09-08 14:12:27.013031
   0,3,  49,50,5000,5,     0  ,2020-09-08 14:12:27.265703
   0,3,  48,50,5000,5,     0  ,2020-09-08 14:12:27.507345
   0,3,  48,50,5000,5,     0  ,2020-09-08 14:12:27.751997
   0,3,  48,50,5000,5,     0  ,2020-09-08 14:12:28.001660
   0,3,  48,50,5000,5,     0  ,2020-09-08 14:12:28.256339
   0,3,  48,50,5000,5,     0  ,2020-09-08 14:12:28.498984
   0,3,  48,50,5000,5,     0  ,2020-09-08 14:12:28.744637
   0,3,  48,50,5000,5,     0  ,2020-09-08 14:12:28.988286
   0,3,  48,50,5000,5,     0  ,2020-09-08 14:12:29.233939
   0,3,  48,50,5000,5,     0  ,2020-09-08 14:12:29.474579
   0,3,  48,50,5000,5,     0  ,2020-09-08 14:12:29.720233
   0,3,  48,50,5000,5,     0  ,2020-09-08 14:12:29.973907
   0,3,  48,50,5000,5,     0  ,2020-09-08 14:12:30.215551
   0,3,  48,50,5000,5,     0  ,2020-09-08 14:12:30.467220
   0,3,  48,50,5000,5,     0  ,2020-09-08 14:12:30.711871
   0,3,  48,50,5000,5,     0  ,2020-09-08 14:12:30.953514
   0,3,  48,50,5000,5,     0  ,2020-09-08 14:12:31.203179
   0,3,  48,50,5000,5,     0  ,2020-09-08 14:12:31.452842
   0,3,  48,50,5000,5,     0  ,2020-09-08 14:12:31.699498
   0,3,  48,50,5000,5,     0  ,2020-09-08 14:12:31.941141
   0,3,  48,50,5000,5,     0  ,2020-09-08 14:12:32.194817
   0,3,  48,50,5000,5,     0  ,2020-09-08 14:12:32.435456
   0,3,  48,50,5000,5,     0  ,2020-09-08 14:12:32.679106
   0,3,  48,50,5000,5,     0  ,2020-09-08 14:12:32.921750
   0,3,  48,50,5000,5,     0  ,2020-09-08 14:12:33.165400
   0,3,  48,50,5000,5,     0  ,2020-09-08 14:12:33.408043
   0,3,  48,50,5000,5,     0  ,2020-09-08 14:12:33.652696
   0,3,  48,50,5000,5,     0  ,2020-09-08 14:12:33.903363
   0,3,  47,50,5000,5,     0  ,2020-09-08 14:12:34.149015
   0,3,  47,50,5000,5,     0  ,2020-09-08 14:12:34.391660
   0,3,  47,50,5000,5,     0  ,2020-09-08 14:12:34.637314
   0,3,  47,50,5000,5,     0  ,2020-09-08 14:12:34.897005
   0,3,  47,50,5000,5,     0  ,2020-09-08 14:12:35.141656
   0,3,  47,50,5000,5,     0  ,2020-09-08 14:12:35.393326
   0,3,  47,50,5000,5,     0  ,2020-09-08 14:12:35.636974
   0,3,  47,50,5000,5,     0  ,2020-09-08 14:12:35.888643
   0,3,  47,50,5000,5,     0  ,2020-09-08 14:12:36.131289
   0,3,  47,50,5000,5,     0  ,2020-09-08 14:12:36.371930
   0,3,  47,50,5000,5,     0  ,2020-09-08 14:12:36.618585
   0,3,  47,50,5000,5,     0  ,2020-09-08 14:12:36.868250
   0,3,  47,50,5000,5,     0  ,2020-09-08 14:12:37.121925
   0,3,  47,50,5000,5,     0  ,2020-09-08 14:12:37.373594
   0,3,  47,50,5000,5,     0  ,2020-09-08 14:12:37.618246
   0,3,  47,50,5000,5,     0  ,2020-09-08 14:12:37.868911
   0,3,  47,50,5000,5,     0  ,2020-09-08 14:12:38.122587
   0,3,  47,50,5000,5,     0  ,2020-09-08 14:12:38.373254
   0,3,  47,50,5000,5,     0  ,2020-09-08 14:12:38.619910
   0,3,  47,50,5000,5,     0  ,2020-09-08 14:12:38.863558
   0,3,  46,50,5000,5,     0  ,2020-09-08 14:12:39.123249
   0,3,  46,50,5000,5,     0  ,2020-09-08 14:12:39.381938
   0,3,  46,50,5000,5,     0  ,2020-09-08 14:12:39.627591
   0,3,  46,50,5000,5,     0  ,2020-09-08 14:12:39.878258
   0,3,  46,50,5000,5,     0  ,2020-09-08 14:12:40.122908
   0,3,  46,50,5000,5,     0  ,2020-09-08 14:12:40.374579
   0,3,  46,50,5000,5,     0  ,2020-09-08 14:12:40.623239
   0,3,  46,50,5000,5,     0  ,2020-09-08 14:12:40.861874
   0,3,  46,50,5000,5,     0  ,2020-09-08 14:12:41.107528
   0,3,  46,50,5000,5,     0  ,2020-09-08 14:12:41.352179
   0,3,  46,50,5000,5,     0  ,2020-09-08 14:12:41.597832
   0,3,  46,50,5000,5,     0  ,2020-09-08 14:12:41.840478
   0,3,  46,50,5000,5,     0  ,2020-09-08 14:12:42.090142
   0,3,  46,50,5000,5,     0  ,2020-09-08 14:12:42.334794
   0,3,  46,50,5000,5,     0  ,2020-09-08 14:12:42.577439
   0,3,  46,50,5000,5,     0  ,2020-09-08 14:12:42.833118
   0,3,  46,50,5000,5,     0  ,2020-09-08 14:12:43.073759
   0,3,  46,50,5000,5,     0  ,2020-09-08 14:12:43.318411
   0,3,  46,50,5000,5,     0  ,2020-09-08 14:12:43.570080
   0,3,  46,50,5000,5,     0  ,2020-09-08 14:12:43.814730
   0,3,  46,50,5000,5,     0  ,2020-09-08 14:12:44.056373
   0,3,  45,50,5000,5,     0  ,2020-09-08 14:12:44.303030
   0,3,  45,50,5000,5,     0  ,2020-09-08 14:12:44.545675
   0,3,  45,50,5000,5,     0  ,2020-09-08 14:12:44.790326
   0,3,  45,50,5000,5,     0  ,2020-09-08 14:12:45.032971
   0,3,  45,50,5000,5,     0  ,2020-09-08 14:12:45.274614
   0,3,  45,50,5000,5,     0  ,2020-09-08 14:12:45.519265
   0,3,  45,50,5000,5,     0  ,2020-09-08 14:12:45.763917
   0,3,  45,50,5000,5,     0  ,2020-09-08 14:12:46.026615
   0,3,  45,50,5000,5,     0  ,2020-09-08 14:12:46.278284
   0,3,  45,50,5000,5,     0  ,2020-09-08 14:12:46.520930
   0,3,  45,50,5000,5,     0  ,2020-09-08 14:12:46.774606
   0,3,  45,50,5000,5,     0  ,2020-09-08 14:12:47.018253
   0,3,  45,50,5000,5,     0  ,2020-09-08 14:12:47.490509
   0,3,  45,50,5000,5,     0  ,2020-09-08 14:12:48.110158
   0,3,  45,50,5000,5,     0  ,2020-09-08 14:12:48.122190
   0,3,  45,50,5000,5,     0  ,2020-09-08 14:12:49.113828
   0,3,  45,50,5000,5,     0  ,2020-09-08 14:12:49.116837
   0,3,  45,50,5000,5,     0  ,2020-09-08 14:12:49.355471
   0,3,  45,50,5000,5,     0  ,2020-09-08 14:12:49.601124
   0,3,  44,50,5000,5,     0  ,2020-09-08 14:12:49.861818
   0,3,  44,50,5000,5,     0  ,2020-09-08 14:12:50.116496
   0,3,  44,50,5000,5,     0  ,2020-09-08 14:12:50.359142
   0,3,  44,50,5000,5,     0  ,2020-09-08 14:12:50.604794
   0,3,  44,50,5000,5,     0  ,2020-09-08 14:12:50.858469
   0,3,  44,50,5000,5,     0  ,2020-09-08 14:12:51.103121
   0,3,  44,50,5000,5,     0  ,2020-09-08 14:12:51.356795
   0,3,  44,50,5000,5,     0  ,2020-09-08 14:12:51.602448
   0,3,  44,50,5000,5,     0  ,2020-09-08 14:12:51.853117
   0,3,  44,50,5000,5,     0  ,2020-09-08 14:12:52.096764
   0,3,  44,50,5000,5,     0  ,2020-09-08 14:12:52.341414
   0,3,  44,50,5000,5,     0  ,2020-09-08 14:12:52.582055
   0,3,  44,50,5000,5,     0  ,2020-09-08 14:12:52.827709
   0,3,  44,50,5000,5,     0  ,2020-09-08 14:12:53.069352
   0,3,  44,50,5000,5,     0  ,2020-09-08 14:12:53.316008
   0,3,  44,50,5000,5,     0  ,2020-09-08 14:12:53.567678
   0,3,  44,50,5000,5,     0  ,2020-09-08 14:12:53.823357
   0,3,  44,50,5000,5,     0  ,2020-09-08 14:12:54.061992
   0,3,  44,50,5000,5,     0  ,2020-09-08 14:12:54.308649
   0,3,  44,50,5000,5,     0  ,2020-09-08 14:12:54.551294
   0,3,  44,50,5000,5,     0  ,2020-09-08 14:12:54.795945
   0,3,  44,50,5000,5,     0  ,2020-09-08 14:12:55.038591
   0,3,  44,50,5000,5,     0  ,2020-09-08 14:12:55.281236
   0,3,  43,50,5000,5,     0  ,2020-09-08 14:12:55.523881
   0,3,  43,50,5000,5,     0  ,2020-09-08 14:12:55.778559
   0,3,  43,50,5000,5,     0  ,2020-09-08 14:12:56.020202
   0,3,  43,50,5000,5,     0  ,2020-09-08 14:12:56.265855
   0,3,  43,50,5000,5,     0  ,2020-09-08 14:12:56.506496
   0,3,  43,50,5000,5,     0  ,2020-09-08 14:12:56.767189
   0,3,  43,50,5000,5,     0  ,2020-09-08 14:12:57.000810
   0,3,  43,50,5000,5,     0  ,2020-09-08 14:12:57.245462
   0,3,  43,50,5000,5,     0  ,2020-09-08 14:12:57.491115
   0,3,  43,50,5000,5,     0  ,2020-09-08 14:12:57.731755
   0,3,  43,50,5000,5,     0  ,2020-09-08 14:12:57.980417
   0,3,  43,50,5000,5,     0  ,2020-09-08 14:12:58.236097
   0,3,  43,50,5000,5,     0  ,2020-09-08 14:12:58.483756
   0,3,  43,50,5000,5,     0  ,2020-09-08 14:12:58.743446
   0,3,  43,50,5000,5,     0  ,2020-09-08 14:12:58.990104
   0,3,  43,50,5000,5,     0  ,2020-09-08 14:12:59.235759
   0,3,  43,50,5000,5,     0  ,2020-09-08 14:12:59.477401
   0,3,  43,50,5000,5,     0  ,2020-09-08 14:12:59.733081
   0,3,  43,50,5000,5,     0  ,2020-09-08 14:12:59.984749
   0,3,  43,50,5000,5,     0  ,2020-09-08 14:13:00.238423
   0,3,  43,50,5000,5,     0  ,2020-09-08 14:13:00.483073
   0,3,  43,50,5000,5,     0  ,2020-09-08 14:13:00.734740
   0,3,  43,50,5000,5,     0  ,2020-09-08 14:13:00.993426
   0,3,  43,50,5000,5,     0  ,2020-09-08 14:13:01.240082
   0,3,  43,50,5000,5,     0  ,2020-09-08 14:13:01.482725
   0,3,  42,50,5000,5,     0  ,2020-09-08 14:13:01.729379
   0,3,  42,50,5000,5,     0  ,2020-09-08 14:13:01.980045
   0,3,  42,50,5000,5,     0  ,2020-09-08 14:13:02.234722
   0,3,  42,50,5000,5,     0  ,2020-09-08 14:13:02.484384
   0,3,  42,50,5000,5,     0  ,2020-09-08 14:13:02.732041
   0,3,  42,50,5000,5,     0  ,2020-09-08 14:13:02.980702
   0,3,  42,50,5000,5,     0  ,2020-09-08 14:13:03.225351
   0,3,  42,50,5000,5,     0  ,2020-09-08 14:13:03.468997
   0,3,  42,50,5000,5,     0  ,2020-09-08 14:13:03.724676
   0,3,  42,50,5000,5,     0  ,2020-09-08 14:13:03.985368
   0,3,  42,50,5000,5,     0  ,2020-09-08 14:13:04.227009
   0,3,  42,50,5000,5,     0  ,2020-09-08 14:13:04.472661
   0,3,  42,50,5000,5,     0  ,2020-09-08 14:13:04.719316
   0,3,  42,50,5000,5,     0  ,2020-09-08 14:13:04.961960
   0,3,  42,50,5000,5,     0  ,2020-09-08 14:13:05.213629
   0,3,  42,50,5000,5,     0  ,2020-09-08 14:13:05.465296
   0,3,  42,50,5000,5,     0  ,2020-09-08 14:13:05.720975
   0,3,  42,50,5000,5,     0  ,2020-09-08 14:13:05.962616
   0,3,  42,50,5000,5,     0  ,2020-09-08 14:13:06.204257
   0,3,  42,50,5000,5,     0  ,2020-09-08 14:13:06.447904
   0,3,  42,50,5000,5,     0  ,2020-09-08 14:13:06.703582
   0,3,  42,50,5000,5,     0  ,2020-09-08 14:13:06.955250
   0,3,  42,50,5000,5,     0  ,2020-09-08 14:13:07.197895
   0,3,  42,50,5000,5,     0  ,2020-09-08 14:13:07.440539
   0,3,  42,50,5000,5,     0  ,2020-09-08 14:13:07.687194
   0,3,  42,50,5000,5,     0  ,2020-09-08 14:13:07.929837
   0,3,  42,50,5000,5,     0  ,2020-09-08 14:13:08.175490
   0,3,  41,50,5000,5,     0  ,2020-09-08 14:13:08.415125
   0,3,  42,50,5000,5,     0  ,2020-09-08 14:13:08.660778
   0,3,  41,50,5000,5,     0  ,2020-09-08 14:13:08.904424
   0,3,  41,50,5000,5,     0  ,2020-09-08 14:13:09.148070
   0,3,  41,50,5000,5,     0  ,2020-09-08 14:13:09.388709
   0,3,  41,50,5000,5,     0  ,2020-09-08 14:13:09.636366
   0,3,  41,50,5000,5,     0  ,2020-09-08 14:13:09.877005
   0,3,  41,50,5000,5,     0  ,2020-09-08 14:13:10.122657
   0,3,  41,50,5000,5,     0  ,2020-09-08 14:13:10.374326
   0,3,  41,50,5000,5,     0  ,2020-09-08 14:13:10.629001
   0,3,  41,50,5000,5,     0  ,2020-09-08 14:13:10.872648
   0,3,  41,50,5000,5,     0  ,2020-09-08 14:13:11.119303
   0,3,  41,50,5000,5,     0  ,2020-09-08 14:13:11.361946
   0,3,  41,50,5000,5,     0  ,2020-09-08 14:13:11.603589
   0,3,  41,50,5000,5,     0  ,2020-09-08 14:13:11.850242
   0,3,  41,50,5000,5,     0  ,2020-09-08 14:13:12.091884
   0,3,  41,50,5000,5,     0  ,2020-09-08 14:13:12.344555
   0,3,  41,50,5000,5,     0  ,2020-09-08 14:13:12.597225
   0,3,  41,50,5000,5,     0  ,2020-09-08 14:13:12.852903
   0,3,  41,50,5000,5,     0  ,2020-09-08 14:13:13.103569
   0,3,  41,50,5000,5,     0  ,2020-09-08 14:13:13.350223
   0,3,  41,50,5000,5,     0  ,2020-09-08 14:13:13.591866
   0,3,  41,50,5000,5,     0  ,2020-09-08 14:13:13.839522
   0,3,  41,50,5000,5,     0  ,2020-09-08 14:13:14.090189
   0,3,  41,50,5000,5,     0  ,2020-09-08 14:13:14.344864
   0,3,  41,50,5000,5,     0  ,2020-09-08 14:13:14.589513
   0,3,  41,50,5000,5,     0  ,2020-09-08 14:13:14.836168
   0,3,  41,50,5000,5,     0  ,2020-09-08 14:13:15.078812
   0,3,  41,50,5000,5,     0  ,2020-09-08 14:13:15.323461
   0,3,  41,50,5000,5,     0  ,2020-09-08 14:13:15.566105
   0,3,  41,50,5000,5,     0  ,2020-09-08 14:13:15.812760
   0,3,  41,50,5000,5,     0  ,2020-09-08 14:13:16.055403
   0,3,  40,50,5000,5,     0  ,2020-09-08 14:13:16.298048
   0,3,  40,50,5000,5,     0  ,2020-09-08 14:13:16.552725
   0,3,  40,50,5000,5,     0  ,2020-09-08 14:13:16.807400
   0,3,  40,50,5000,5,     0  ,2020-09-08 14:13:17.051047
   0,3,  40,50,5000,5,     0  ,2020-09-08 14:13:17.295697
   0,3,  40,50,5000,5,     0  ,2020-09-08 14:13:17.539342
   0,3,  40,50,5000,5,     0  ,2020-09-08 14:13:17.795021
   0,3,  40,50,5000,5,     0  ,2020-09-08 14:13:18.035659
   0,3,  40,50,5000,5,     0  ,2020-09-08 14:13:18.280309
   0,3,  40,50,5000,5,     0  ,2020-09-08 14:13:18.524958
   0,3,  40,50,5000,5,     0  ,2020-09-08 14:13:18.769608
   0,3,  40,50,5000,5,     0  ,2020-09-08 14:13:19.012252
   0,3,  40,50,5000,5,     0  ,2020-09-08 14:13:19.262917
   0,3,  40,50,5000,5,     0  ,2020-09-08 14:13:19.504559
   0,3,  40,50,5000,5,     0  ,2020-09-08 14:13:19.761240
   0,3,  40,50,5000,5,     0  ,2020-09-08 14:13:20.013910
   0,3,  40,50,5000,5,     0  ,2020-09-08 14:13:20.257557
   0,3,  40,50,5000,5,     0  ,2020-09-08 14:13:20.499198
   0,3,  40,50,5000,5,     0  ,2020-09-08 14:13:20.745854
   0,3,  40,50,5000,5,     0  ,2020-09-08 14:13:20.985489
   0,3,  40,50,5000,5,     0  ,2020-09-08 14:13:21.242171
   0,3,  40,50,5000,5,     0  ,2020-09-08 14:13:21.482809
   0,3,  40,50,5000,5,     0  ,2020-09-08 14:13:21.738488
   0,3,  40,50,5000,5,     0  ,2020-09-08 14:13:21.988151
   0,3,  40,50,5000,5,     0  ,2020-09-08 14:13:22.231797
   0,3,  40,50,5000,5,     0  ,2020-09-08 14:13:22.483465
   0,3,  40,50,5000,5,     0  ,2020-09-08 14:13:22.748167
   0,3,  40,50,5000,5,     0  ,2020-09-08 14:13:22.998833
   0,3,  40,50,5000,5,     0  ,2020-09-08 14:13:23.244485
   0,3,  40,50,5000,5,     0  ,2020-09-08 14:13:23.488131
   0,3,  40,50,5000,5,     0  ,2020-09-08 14:13:23.742807
   0,3,  40,50,5000,5,     0  ,2020-09-08 14:13:23.984449
   0,3,  40,50,5000,5,     0  ,2020-09-08 14:13:24.229098
   0,3,  40,50,5000,5,     0  ,2020-09-08 14:13:24.471743
   0,3,  39,50,5000,5,     0  ,2020-09-08 14:13:24.719400
   0,3,  39,50,5000,5,     0  ,2020-09-08 14:13:24.970065
   0,3,  39,50,5000,5,     0  ,2020-09-08 14:13:25.224741
   0,3,  39,50,5000,5,     0  ,2020-09-08 14:13:25.474404
   0,3,  39,50,5000,5,     0  ,2020-09-08 14:13:25.718050
   0,3,  39,50,5000,5,     0  ,2020-09-08 14:13:25.969718
   0,3,  39,50,5000,5,     0  ,2020-09-08 14:13:26.214368
   0,3,  39,50,5000,5,     0  ,2020-09-08 14:13:26.465033
   0,3,  39,50,5000,5,     0  ,2020-09-08 14:13:26.709683
   0,3,  39,50,5000,5,     0  ,2020-09-08 14:13:26.960347
   0,3,  39,50,5000,5,     0  ,2020-09-08 14:13:27.203994
   0,3,  39,50,5000,5,     0  ,2020-09-08 14:13:27.456666
   0,3,  39,50,5000,5,     0  ,2020-09-08 14:13:27.712343
   0,3,  39,50,5000,5,     0  ,2020-09-08 14:13:27.960001
   0,3,  39,50,5000,5,     0  ,2020-09-08 14:13:28.203647
   0,3,  39,50,5000,5,     0  ,2020-09-08 14:13:28.448297
   0,3,  39,50,5000,5,     0  ,2020-09-08 14:13:28.700968
   0,3,  39,50,5000,5,     0  ,2020-09-08 14:13:28.944614
   0,3,  39,50,5000,5,     0  ,2020-09-08 14:13:29.198287
   0,3,  39,50,5000,5,     0  ,2020-09-08 14:13:29.440931
   0,3,  39,50,5000,5,     0  ,2020-09-08 14:13:29.685581
   0,3,  39,50,5000,5,     0  ,2020-09-08 14:13:29.938251
   0,3,  39,50,5000,5,     0  ,2020-09-08 14:13:30.184905
   0,3,  39,50,5000,5,     0  ,2020-09-08 14:13:30.422537
   0,3,  39,50,5000,5,     0  ,2020-09-08 14:13:30.667186
   0,3,  39,50,5000,5,     0  ,2020-09-08 14:13:30.919856
   0,3,  39,50,5000,5,     0  ,2020-09-08 14:13:31.165509
   0,3,  39,50,5000,5,     0  ,2020-09-08 14:13:31.418181
   0,3,  39,50,5000,5,     0  ,2020-09-08 14:13:31.664834
   0,3,  39,50,5000,5,     0  ,2020-09-08 14:13:31.926528
   0,3,  39,50,5000,5,     0  ,2020-09-08 14:13:32.182208
   0,3,  39,50,5000,5,     0  ,2020-09-08 14:13:32.421843
   0,3,  39,50,5000,5,     0  ,2020-09-08 14:13:32.669501
   0,3,  39,50,5000,5,     0  ,2020-09-08 14:13:32.912145
   0,3,  39,50,5000,5,     0  ,2020-09-08 14:13:33.154789
   0,3,  39,50,5000,5,     0  ,2020-09-08 14:13:33.407459
   0,3,  38,50,5000,5,     0  ,2020-09-08 14:13:33.654115
   0,3,  38,50,5000,5,     0  ,2020-09-08 14:13:33.895755
   0,3,  38,50,5000,5,     0  ,2020-09-08 14:13:34.150432
   0,3,  38,50,5000,5,     0  ,2020-09-08 14:13:34.393076
   0,3,  38,50,5000,5,     0  ,2020-09-08 14:13:34.643740
   0,3,  38,50,5000,5,     0  ,2020-09-08 14:13:34.895408
   0,3,  38,50,5000,5,     0  ,2020-09-08 14:13:35.139055
   0,3,  38,50,5000,5,     0  ,2020-09-08 14:13:35.390723
   0,3,  38,50,5000,5,     0  ,2020-09-08 14:13:35.637379
   0,3,  38,50,5000,5,     0  ,2020-09-08 14:13:35.881025
   0,3,  38,50,5000,5,     0  ,2020-09-08 14:13:36.134698
   0,3,  38,50,5000,5,     0  ,2020-09-08 14:13:36.376340
   0,3,  38,50,5000,5,     0  ,2020-09-08 14:13:36.636029
   0,3,  38,50,5000,5,     0  ,2020-09-08 14:13:36.884688
   0,3,  38,50,5000,5,     0  ,2020-09-08 14:13:37.138362
   0,3,  38,50,5000,5,     0  ,2020-09-08 14:13:37.381006
   0,3,  38,50,5000,5,     0  ,2020-09-08 14:13:37.636684
   0,3,  38,50,5000,5,     0  ,2020-09-08 14:13:37.889356
   0,3,  38,50,5000,5,     0  ,2020-09-08 14:13:38.134005
   0,3,  38,50,5000,5,     0  ,2020-09-08 14:13:38.384671
   0,3,  38,50,5000,5,     0  ,2020-09-08 14:13:38.631324
   0,3,  38,50,5000,5,     0  ,2020-09-08 14:13:38.872966
   0,3,  38,50,5000,5,     0  ,2020-09-08 14:13:39.125636
   0,3,  38,50,5000,5,     0  ,2020-09-08 14:13:39.376301
   0,3,  38,50,5000,5,     0  ,2020-09-08 14:13:39.621954
   0,3,  38,50,5000,5,     0  ,2020-09-08 14:13:39.865601
   0,3,  38,50,5000,5,     0  ,2020-09-08 14:13:40.108245
   0,3,  38,50,5000,5,     0  ,2020-09-08 14:13:40.361918
   0,3,  38,50,5000,5,     0  ,2020-09-08 14:13:40.612583
   0,3,  38,50,5000,5,     0  ,2020-09-08 14:13:40.858235
   0,3,  38,50,5000,5,     0  ,2020-09-08 14:13:41.105892
   0,3,  38,50,5000,5,     0  ,2020-09-08 14:13:41.360568
   0,3,  38,50,5000,5,     0  ,2020-09-08 14:13:41.602209
   0,3,  38,50,5000,5,     0  ,2020-09-08 14:13:41.847862
   0,3,  38,50,5000,5,     0  ,2020-09-08 14:13:42.098528
   0,3,  38,50,5000,5,     0  ,2020-09-08 14:13:42.351198
   0,3,  38,50,5000,5,     0  ,2020-09-08 14:13:42.593842
   0,3,  38,50,5000,5,     0  ,2020-09-08 14:13:42.848518
   0,3,  38,50,5000,5,     0  ,2020-09-08 14:13:43.091162
   0,3,  38,50,5000,5,     0  ,2020-09-08 14:13:43.346840
   0,3,  38,50,5000,5,     0  ,2020-09-08 14:13:43.589484
1746,3,  38,50,5000,5,     0  ,2020-09-08 14:13:43.838145
1746,3,  38,50,5000,5,    73  ,2020-09-08 14:13:44.092821
1746,3,  38,50,5000,5,   327  ,2020-09-08 14:13:44.338472
1746,3,  38,50,5000,5,   572  ,2020-09-08 14:13:44.581117
1746,3,  38,50,5000,5,   816  ,2020-09-08 14:13:44.832784
1746,3,  37,50,5000,5,  1064  ,2020-09-08 14:13:45.073423
1746,3,  37,50,5000,5,  1308  ,2020-09-08 14:13:45.318073
1746,3,  37,50,5000,5,  1551  ,2020-09-08 14:13:45.559713
1746,3,  37,50,5000,5,  1795  ,2020-09-08 14:13:45.804363
1746,3,  37,50,5000,5,  2039  ,2020-09-08 14:13:46.050015
1746,3,  37,50,5000,5,  2284  ,2020-09-08 14:13:46.292659
1746,3,  37,50,5000,5,  2525  ,2020-09-08 14:13:46.535303
1746,3,  37,50,5000,5,  2771  ,2020-09-08 14:13:46.780956
1746,3,  37,50,5000,5,  3013  ,2020-09-08 14:13:47.023599
1746,3,  37,50,5000,5,  3258  ,2020-09-08 14:13:47.269251
1746,3,  37,50,5000,5,  3499  ,2020-09-08 14:13:47.508888
1746,3,  37,50,5000,5,  3742  ,2020-09-08 14:13:47.762561
1746,3,  37,50,5000,5,  3995  ,2020-09-08 14:13:48.014229
1746,3,  37,50,5000,5,  4247  ,2020-09-08 14:13:48.256874
1746,3,  37,50,5000,5,  4490  ,2020-09-08 14:13:48.499516
1746,3,  37,50,5000,5,  4742  ,2020-09-08 14:13:48.754192
1746,3,  38,50,5000,5,  4996  ,2020-09-08 14:13:49.004858
1746,3,  38,50,5000,5,  5240  ,2020-09-08 14:13:49.262541
1746,3,  38,50,5000,5,  5492  ,2020-09-08 14:13:49.502178
1746,3,  38,50,5000,5,  5735  ,2020-09-08 14:13:49.747830
1746,3,  38,50,5000,5,  5989  ,2020-09-08 14:13:50.000501
1746,3,  38,50,5000,5,  6232  ,2020-09-08 14:13:50.247156
1746,3,  38,50,5000,5,  6486  ,2020-09-08 14:13:50.495814
1746,3,  38,50,5000,5,  6727  ,2020-09-08 14:13:50.740463
1746,3,  38,50,5000,5,  6973  ,2020-09-08 14:13:50.982106
1746,3,  38,50,5000,5,  7218  ,2020-09-08 14:13:51.229763
1746,3,  38,50,5000,5,  7462  ,2020-09-08 14:13:51.472407
1746,3,  38,50,5000,5,  7703  ,2020-09-08 14:13:51.716054
1746,3,  38,50,5000,5,  7958  ,2020-09-08 14:13:51.967721
1746,3,  38,50,5000,5,  8201  ,2020-09-08 14:13:52.222398
1746,3,  38,50,5000,5,  8457  ,2020-09-08 14:13:52.466044
1746,3,  38,50,5000,5,  8698  ,2020-09-08 14:13:52.712699
1746,3,  38,50,5000,5,  8943  ,2020-09-08 14:13:52.953339
1746,3,  38,50,5000,5,  9184  ,2020-09-08 14:13:53.195982
1746,3,  38,50,5000,5,  9432  ,2020-09-08 14:13:53.441634
1746,3,  38,50,5000,5,  9674  ,2020-09-08 14:13:53.686283
1746,3,  38,50,5000,5,  9927  ,2020-09-08 14:13:53.941962
1746,3,  38,50,5000,5, 10172  ,2020-09-08 14:13:54.183603
1746,3,  38,50,5000,5, 10416  ,2020-09-08 14:13:54.428252
1746,3,  38,50,5000,5, 10660  ,2020-09-08 14:13:54.671900
1746,3,  39,50,5000,5, 10905  ,2020-09-08 14:13:54.918553
1746,3,  39,50,5000,5, 11151  ,2020-09-08 14:13:55.162200
1746,3,  39,50,5000,5, 11403  ,2020-09-08 14:13:55.414871
1746,3,  39,50,5000,5, 11648  ,2020-09-08 14:13:55.661526
1746,3,  39,50,5000,5, 11894  ,2020-09-08 14:13:55.903167
1746,3,  39,50,5000,5, 12145  ,2020-09-08 14:13:56.156840
1746,3,  39,50,5000,5, 12391  ,2020-09-08 14:13:56.399484
1746,3,  39,50,5000,5, 12632  ,2020-09-08 14:13:56.645136
1746,3,  39,50,5000,5, 12877  ,2020-09-08 14:13:56.886778
1746,3,  39,50,5000,5, 13119  ,2020-09-08 14:13:57.132430
1746,3,  39,50,5000,5, 13364  ,2020-09-08 14:13:57.374071
1746,3,  39,50,5000,5, 13608  ,2020-09-08 14:13:57.627744
1746,3,  39,50,5000,5, 13863  ,2020-09-08 14:13:57.872394
1746,3,  39,50,5000,5, 14105  ,2020-09-08 14:13:58.117045
1746,3,  40,50,5000,5, 14359  ,2020-09-08 14:13:58.371719
1746,3,  40,50,5000,5, 14603  ,2020-09-08 14:13:58.613361
1746,3,  40,50,5000,5, 14849  ,2020-09-08 14:13:58.867034
1746,3,  40,50,5000,5, 15100  ,2020-09-08 14:13:59.111683
1746,3,  40,50,5000,5, 15346  ,2020-09-08 14:13:59.357335
1746,3,  40,50,5000,5, 15588  ,2020-09-08 14:13:59.597974
1746,3,  40,50,5000,5, 15834  ,2020-09-08 14:13:59.843626
1746,3,  40,50,5000,5, 16076  ,2020-09-08 14:14:00.085267
1746,3,  40,50,5000,5, 16320  ,2020-09-08 14:14:00.337939
1746,3,  40,50,5000,5, 16564  ,2020-09-08 14:14:00.573564
1746,3,  40,50,5000,5, 16809  ,2020-09-08 14:14:00.821221
1746,3,  40,50,5000,5, 17053  ,2020-09-08 14:14:01.061859
1746,3,  40,50,5000,5, 17299  ,2020-09-08 14:14:01.307511
1746,3,  40,50,5000,5, 17542  ,2020-09-08 14:14:01.553163
1746,3,  41,50,5000,5, 17790  ,2020-09-08 14:14:01.799819
1746,3,  41,50,5000,5, 18031  ,2020-09-08 14:14:02.042462
1746,3,  41,50,5000,5, 18276  ,2020-09-08 14:14:02.287111
1746,3,  41,50,5000,5, 18519  ,2020-09-08 14:14:02.531761
1746,3,  41,50,5000,5, 18767  ,2020-09-08 14:14:02.776410
1746,3,  41,50,5000,5, 19010  ,2020-09-08 14:14:03.021059
1746,3,  41,50,5000,5, 19256  ,2020-09-08 14:14:03.264707
1746,3,  41,50,5000,5, 19500  ,2020-09-08 14:14:03.512363
1746,3,  41,50,5000,5, 19745  ,2020-09-08 14:14:03.758016
1746,3,  41,50,5000,5, 19991  ,2020-09-08 14:14:04.009684
1746,3,  41,50,5000,5, 20244  ,2020-09-08 14:14:04.254332
1746,3,  41,50,5000,5, 20486  ,2020-09-08 14:14:04.495975
1746,3,  41,50,5000,5, 20727  ,2020-09-08 14:14:04.742629
1746,3,  42,50,5000,5, 20974  ,2020-09-08 14:14:04.987279
1746,3,  42,50,5000,5, 21219  ,2020-09-08 14:14:05.231927
1746,3,  42,50,5000,5, 21464  ,2020-09-08 14:14:05.474572
1746,3,  42,50,5000,5, 21708  ,2020-09-08 14:14:05.721227
1746,3,  42,50,5000,5, 21955  ,2020-09-08 14:14:05.972895
1746,3,  42,50,5000,5, 22205  ,2020-09-08 14:14:06.218545
1746,3,  42,50,5000,5, 22451  ,2020-09-08 14:14:06.461190
1746,3,  42,50,5000,5, 22694  ,2020-09-08 14:14:06.704839
1746,3,  42,50,5000,5, 22940  ,2020-09-08 14:14:06.948483
1746,3,  42,50,5000,5, 23183  ,2020-09-08 14:14:07.192130
1746,3,  42,50,5000,5, 23423  ,2020-09-08 14:14:07.433771
1746,3,  42,50,5000,5, 23667  ,2020-09-08 14:14:07.681428
1746,3,  42,50,5000,5, 23913  ,2020-09-08 14:14:07.926079
1746,3,  43,50,5000,5, 24166  ,2020-09-08 14:14:08.178749
1746,3,  43,50,5000,5, 24412  ,2020-09-08 14:14:08.423398
1746,3,  43,50,5000,5, 24656  ,2020-09-08 14:14:08.669051
1746,3,  43,50,5000,5, 24902  ,2020-09-08 14:14:08.912698
1746,3,  43,50,5000,5, 25154  ,2020-09-08 14:14:09.165367
1746,3,  43,50,5000,5, 25399  ,2020-09-08 14:14:09.408014
1746,3,  43,50,5000,5, 25642  ,2020-09-08 14:14:09.653663
1746,3,  43,50,5000,5, 25887  ,2020-09-08 14:14:09.896307
1746,3,  43,50,5000,5, 26128  ,2020-09-08 14:14:10.141959
1746,3,  43,50,5000,5, 26383  ,2020-09-08 14:14:10.394632
1746,3,  43,50,5000,5, 26627  ,2020-09-08 14:14:10.642287
1746,3,  43,50,5000,5, 26875  ,2020-09-08 14:14:10.893955
1746,3,  43,50,5000,5, 27127  ,2020-09-08 14:14:11.145623
1746,3,  44,50,5000,5, 27377  ,2020-09-08 14:14:11.396289
1746,3,  44,50,5000,5, 27629  ,2020-09-08 14:14:11.642944
1746,3,  44,50,5000,5, 27875  ,2020-09-08 14:14:11.884584
1746,3,  44,50,5000,5, 28126  ,2020-09-08 14:14:12.138259
1746,3,  44,50,5000,5, 28369  ,2020-09-08 14:14:12.541328
1746,3,  44,50,5000,5, 28613  ,2020-09-08 14:14:13.110840
1746,3,  44,50,5000,5, 28858  ,2020-09-08 14:14:13.113850
1746,3,  44,50,5000,5, 29099  ,2020-09-08 14:14:13.676340
1746,3,  44,50,5000,5, 29343  ,2020-09-08 14:14:13.764576
1746,3,  44,50,5000,5, 29842  ,2020-09-08 14:14:14.122525
1746,3,  44,50,5000,5, 30204  ,2020-09-08 14:14:14.216774
1746,3,  44,50,5000,5, 30449  ,2020-09-08 14:14:14.459420
1746,3,  44,50,5000,5, 30691  ,2020-09-08 14:14:14.702063
1746,3,  45,50,5000,5, 30935  ,2020-09-08 14:14:14.954733
1746,3,  45,50,5000,5, 31189  ,2020-09-08 14:14:15.200385
1746,3,  45,50,5000,5, 31442  ,2020-09-08 14:14:15.451051
1746,3,  45,50,5000,5, 31683  ,2020-09-08 14:14:15.695701
1746,3,  45,50,5000,5, 31928  ,2020-09-08 14:14:15.939347
1746,3,  45,50,5000,5, 32172  ,2020-09-08 14:14:16.181991
1746,3,  45,50,5000,5, 32414  ,2020-09-08 14:14:16.425637
1746,3,  45,50,5000,5, 32658  ,2020-09-08 14:14:16.674297
1746,3,  45,50,5000,5, 32912  ,2020-09-08 14:14:16.921956
1746,3,  45,50,5000,5, 33154  ,2020-09-08 14:14:17.164599
1746,3,  45,50,5000,5, 33398  ,2020-09-08 14:14:17.418272
1746,3,  45,50,5000,5, 33651  ,2020-09-08 14:14:17.662921
1746,3,  45,50,5000,5, 33895  ,2020-09-08 14:14:17.904563
1746,3,  45,50,5000,5, 34137  ,2020-09-08 14:14:18.149212
1746,3,  46,50,5000,5, 34380  ,2020-09-08 14:14:18.389851
1746,3,  46,50,5000,5, 34622  ,2020-09-08 14:14:18.633498
1746,3,  46,50,5000,5, 34870  ,2020-09-08 14:14:18.879149
1746,3,  46,50,5000,5, 35113  ,2020-09-08 14:14:19.124803
1746,3,  46,50,5000,5, 35366  ,2020-09-08 14:14:19.376469
1746,3,  46,50,5000,5, 35608  ,2020-09-08 14:14:19.618111
1746,3,  46,50,5000,5, 35854  ,2020-09-08 14:14:19.864766
1746,3,  46,50,5000,5, 36096  ,2020-09-08 14:14:20.105404
1746,3,  46,50,5000,5, 36341  ,2020-09-08 14:14:20.353061
1746,3,  46,50,5000,5, 36583  ,2020-09-08 14:14:20.595705
1746,3,  46,50,5000,5, 36828  ,2020-09-08 14:14:20.840355
1746,3,  46,50,5000,5, 37072  ,2020-09-08 14:14:21.080993
1746,3,  46,50,5000,5, 37319  ,2020-09-08 14:14:21.330657
1746,3,  46,50,5000,5, 37563  ,2020-09-08 14:14:21.573300
1746,3,  46,50,5000,5, 37809  ,2020-09-08 14:14:21.819955
1746,3,  47,50,5000,5, 38054  ,2020-09-08 14:14:22.065608
1746,3,  47,50,5000,5, 38299  ,2020-09-08 14:14:22.308251
1746,3,  47,50,5000,5, 38542  ,2020-09-08 14:14:22.553903
1746,3,  47,50,5000,5, 38789  ,2020-09-08 14:14:22.798552
1746,3,  47,50,5000,5, 39031  ,2020-09-08 14:14:23.045207
1746,3,  47,50,5000,5, 39278  ,2020-09-08 14:14:23.291862
1746,3,  47,50,5000,5, 39523  ,2020-09-08 14:14:23.535509
1746,3,  47,50,5000,5, 39767  ,2020-09-08 14:14:23.788179
1746,3,  47,50, 242,5, 40022  ,2020-09-08 14:14:24.032829
1746,3,  47,50, 488,5, 40267  ,2020-09-08 14:14:24.288508
1746,3,  47,50, 740,5, 40519  ,2020-09-08 14:14:24.531151
1746,3,  47,50, 984,5, 40764  ,2020-09-08 14:14:24.777806
1746,3,  47,50,1230,5, 41009  ,2020-09-08 14:14:25.020449
1746,3,  47,50,1477,5, 41257  ,2020-09-08 14:14:25.267104
1746,3,  47,50,1721,5, 41500  ,2020-09-08 14:14:25.511754
1746,3,  48,50,1964,5, 41745  ,2020-09-08 14:14:25.756403
1746,3,  48,50,2210,5, 41990  ,2020-09-08 14:14:26.000049
1746,3,  48,50,2452,5, 42232  ,2020-09-08 14:14:26.246705
1746,3,  48,50,2699,5, 42478  ,2020-09-08 14:14:26.489348
1746,3,  48,50,2943,5, 42723  ,2020-09-08 14:14:26.736003
1746,3,  48,50,3190,5, 42969  ,2020-09-08 14:14:26.988674
1746,3,  48,50,3441,5, 43220  ,2020-09-08 14:14:27.233323
1746,3,  48,50,3685,5, 43465  ,2020-09-08 14:14:27.476969
1746,3,  48,50,3939,5, 43718  ,2020-09-08 14:14:27.733650
1746,3,  48,50,4185,5, 43964  ,2020-09-08 14:14:27.974290
1746,3,  48,50,4428,5, 44208  ,2020-09-08 14:14:28.219941
1746,3,  48,50,4674,5, 44454  ,2020-09-08 14:14:28.463588
1746,3,  48,50,4918,5, 44697  ,2020-09-08 14:14:28.712248
   0,3,  48,50,5000,5,     0  ,2020-09-08 14:14:28.956898
   0,3,  48,50,5000,5,     0  ,2020-09-08 14:14:29.201547
   0,3,  48,50,5000,5,     0  ,2020-09-08 14:14:29.445194
   0,3,  48,50,5000,5,     0  ,2020-09-08 14:14:29.691848
   0,3,  48,50,5000,5,     0  ,2020-09-08 14:14:29.935495
   0,3,  49,50,5000,5,     0  ,2020-09-08 14:14:30.179142
   0,3,  49,50,5000,5,     0  ,2020-09-08 14:14:30.422789
   0,3,  49,50,5000,5,     0  ,2020-09-08 14:14:30.668441
   0,3,  49,50,5000,5,     0  ,2020-09-08 14:14:30.921111
   0,3,  49,50,5000,5,     0  ,2020-09-08 14:14:31.167766
   0,3,  49,50,5000,5,     0  ,2020-09-08 14:14:31.413417
   0,3,  49,50,5000,5,     0  ,2020-09-08 14:14:31.659070
   0,3,  49,50,5000,5,     0  ,2020-09-08 14:14:31.899709
   0,3,  49,50,5000,5,     0  ,2020-09-08 14:14:32.146363
   0,3,  49,50,5000,5,     0  ,2020-09-08 14:14:32.389007
   0,3,  49,50,5000,5,     0  ,2020-09-08 14:14:32.633657
   0,3,  49,50,5000,5,     0  ,2020-09-08 14:14:32.878306
   0,3,  49,50,5000,5,     0  ,2020-09-08 14:14:33.131980
   0,3,  49,50,5000,5,     0  ,2020-09-08 14:14:33.384650
   0,3,  49,50,5000,5,     0  ,2020-09-08 14:14:33.630302
   0,3,  49,50,5000,5,     0  ,2020-09-08 14:14:33.881970
   0,3,  49,50,5000,5,     0  ,2020-09-08 14:14:34.134640
   0,3,  49,50,5000,5,     0  ,2020-09-08 14:14:34.389316
   0,3,  49,50,5000,5,     0  ,2020-09-08 14:14:34.630958
   0,3,  49,50,5000,5,     0  ,2020-09-08 14:14:34.883628
   0,3,  49,50,5000,5,     0  ,2020-09-08 14:14:35.127275
   0,3,  49,50,5000,5,     0  ,2020-09-08 14:14:35.372927
   0,3,  49,50,5000,5,     0  ,2020-09-08 14:14:35.625597
   0,3,  49,50,5000,5,     0  ,2020-09-08 14:14:35.871250
   0,3,  49,50,5000,5,     0  ,2020-09-08 14:14:36.114897
   0,3,  49,50,5000,5,     0  ,2020-09-08 14:14:36.367568
   0,3,  49,50,5000,5,     0  ,2020-09-08 14:14:36.611214
   0,3,  49,50,5000,5,     0  ,2020-09-08 14:14:36.866892
   0,3,  49,50,5000,5,     0  ,2020-09-08 14:14:37.105527
   0,3,  49,50,5000,5,     0  ,2020-09-08 14:14:37.360202
   0,3,  49,50,5000,5,     0  ,2020-09-08 14:14:37.601844
   0,3,  49,50,5000,5,     0  ,2020-09-08 14:14:37.855517
   0,3,  49,50,5000,5,     0  ,2020-09-08 14:14:38.106183
   0,3,  49,50,5000,5,     0  ,2020-09-08 14:14:38.360858
   0,3,  49,50,5000,5,     0  ,2020-09-08 14:14:38.602499
   0,3,  49,50,5000,5,     0  ,2020-09-08 14:14:38.848151
   0,3,  49,50,5000,5,     0  ,2020-09-08 14:14:39.089792
   0,3,  49,50,5000,5,     0  ,2020-09-08 14:14:39.343466
   0,3,  49,50,5000,5,     0  ,2020-09-08 14:14:39.596137
   0,3,  49,50,5000,5,     0  ,2020-09-08 14:14:39.851816
   0,3,  49,50,5000,5,     0  ,2020-09-08 14:14:40.093457
   0,3,  49,50,5000,5,     0  ,2020-09-08 14:14:40.345124
   0,3,  49,50,5000,5,     0  ,2020-09-08 14:14:40.595790
   0,3,  49,50,5000,5,     0  ,2020-09-08 14:14:40.840439
   0,3,  49,50,5000,5,     0  ,2020-09-08 14:14:41.081079
   0,3,  49,50,5000,5,     0  ,2020-09-08 14:14:41.331743
   0,3,  49,50,5000,5,     0  ,2020-09-08 14:14:41.571379
   0,3,  49,50,5000,5,     0  ,2020-09-08 14:14:41.824050
   0,3,  49,50,5000,5,     0  ,2020-09-08 14:14:42.073712
   0,3,  48,50,5000,5,     0  ,2020-09-08 14:14:42.318362
   0,3,  48,50,5000,5,     0  ,2020-09-08 14:14:42.569027
   0,3,  48,50,5000,5,     0  ,2020-09-08 14:14:42.812673
   0,3,  48,50,5000,5,     0  ,2020-09-08 14:14:43.054315
   0,3,  48,50,5000,5,     0  ,2020-09-08 14:14:43.299968
   0,3,  48,50,5000,5,     0  ,2020-09-08 14:14:43.551635
   0,3,  48,50,5000,5,     0  ,2020-09-08 14:14:43.810321
   0,3,  48,50,5000,5,     0  ,2020-09-08 14:14:44.059984
   0,3,  48,50,5000,5,     0  ,2020-09-08 14:14:44.303631
   0,3,  48,50,5000,5,     0  ,2020-09-08 14:14:44.554296
   0,3,  48,50,5000,5,     0  ,2020-09-08 14:14:44.797943
   0,3,  48,50,5000,5,     0  ,2020-09-08 14:14:45.049610
   0,3,  48,50,5000,5,     0  ,2020-09-08 14:14:45.292255
   0,3,  48,50,5000,5,     0  ,2020-09-08 14:14:45.539913
   0,3,  48,50,5000,5,     0  ,2020-09-08 14:14:45.787569
   0,3,  48,50,5000,5,     0  ,2020-09-08 14:14:46.028209
   0,3,  48,50,5000,5,     0  ,2020-09-08 14:14:46.280879
   0,3,  48,50,5000,5,     0  ,2020-09-08 14:14:46.522521
   0,3,  48,50,5000,5,     0  ,2020-09-08 14:14:46.768172
   0,3,  48,50,5000,5,     0  ,2020-09-08 14:14:47.009814
   0,3,  48,50,5000,5,     0  ,2020-09-08 14:14:47.253461
   0,3,  48,50,5000,5,     0  ,2020-09-08 14:14:47.497107
   0,3,  48,50,5000,5,     0  ,2020-09-08 14:14:47.739751
   0,3,  48,50,5000,5,     0  ,2020-09-08 14:14:47.982395
   0,3,  47,50,5000,5,     0  ,2020-09-08 14:14:48.227045
   0,3,  47,50,5000,5,     0  ,2020-09-08 14:14:48.469689
   0,3,  47,50,5000,5,     0  ,2020-09-08 14:14:48.716343
   0,3,  47,50,5000,5,     0  ,2020-09-08 14:14:48.957984
   0,3,  47,50,5000,5,     0  ,2020-09-08 14:14:49.200628
   0,3,  47,50,5000,5,     0  ,2020-09-08 14:14:49.443274
   0,3,  47,50,5000,5,     0  ,2020-09-08 14:14:49.690931
   0,3,  47,50,5000,5,     0  ,2020-09-08 14:14:49.931569
   0,3,  47,50,5000,5,     0  ,2020-09-08 14:14:50.175215
   0,3,  47,50,5000,5,     0  ,2020-09-08 14:14:50.416856
   0,3,  47,50,5000,5,     0  ,2020-09-08 14:14:50.661506
   0,3,  47,50,5000,5,     0  ,2020-09-08 14:14:50.903148
   0,3,  47,50,5000,5,     0  ,2020-09-08 14:14:51.159828
   0,3,  47,50,5000,5,     0  ,2020-09-08 14:14:51.409491
   0,3,  47,50,5000,5,     0  ,2020-09-08 14:14:51.652136
   0,3,  47,50,5000,5,     0  ,2020-09-08 14:14:51.915835
   0,3,  47,50,5000,5,     0  ,2020-09-08 14:14:52.159481
   0,3,  47,50,5000,5,     0  ,2020-09-08 14:14:52.401122
   0,3,  47,50,5000,5,     0  ,2020-09-08 14:14:52.643767
   0,3,  47,50,5000,5,     0  ,2020-09-08 14:14:52.888417
   0,3,  47,50,5000,5,     0  ,2020-09-08 14:14:53.134069
   0,3,  47,50,5000,5,     0  ,2020-09-08 14:14:53.378717
   0,3,  47,50,5000,5,     0  ,2020-09-08 14:14:53.631388
   0,3,  46,50,5000,5,     0  ,2020-09-08 14:14:53.876039
   0,3,  46,50,5000,5,     0  ,2020-09-08 14:14:54.117679
   0,3,  46,50,5000,5,     0  ,2020-09-08 14:14:54.361327
   0,3,  46,50,5000,5,     0  ,2020-09-08 14:14:54.613997
   0,3,  46,50,5000,5,     0  ,2020-09-08 14:14:54.869675
   0,3,  46,50,5000,5,     0  ,2020-09-08 14:14:55.113322
   0,3,  46,50,5000,5,     0  ,2020-09-08 14:14:55.354965
   0,3,  46,50,5000,5,     0  ,2020-09-08 14:14:55.600615
   0,3,  46,50,5000,5,     0  ,2020-09-08 14:14:55.846268
   0,3,  46,50,5000,5,     0  ,2020-09-08 14:14:56.088911
   0,3,  46,50,5000,5,     0  ,2020-09-08 14:14:56.335566
   0,3,  46,50,5000,5,     0  ,2020-09-08 14:14:56.577207
   0,3,  46,50,5000,5,     0  ,2020-09-08 14:14:56.821858
   0,3,  46,50,5000,5,     0  ,2020-09-08 14:14:57.062495
   0,3,  46,50,5000,5,     0  ,2020-09-08 14:14:57.305139
   0,3,  46,50,5000,5,     0  ,2020-09-08 14:14:57.548787
   0,3,  46,50,5000,5,     0  ,2020-09-08 14:14:57.792434
   0,3,  46,50,5000,5,     0  ,2020-09-08 14:14:58.045104
   0,3,  46,50,5000,5,     0  ,2020-09-08 14:14:58.296772
   0,3,  46,50,5000,5,     0  ,2020-09-08 14:14:58.539416
   0,3,  46,50,5000,5,     0  ,2020-09-08 14:14:58.785067
   0,3,  46,50,5000,5,     0  ,2020-09-08 14:14:59.027712
   0,3,  46,50,5000,5,     0  ,2020-09-08 14:14:59.272360
   0,3,  46,50,5000,5,     0  ,2020-09-08 14:14:59.514003
   0,3,  45,50,5000,5,     0  ,2020-09-08 14:14:59.757649
   0,3,  45,50,5000,5,     0  ,2020-09-08 14:15:00.009317
   0,3,  45,50,5000,5,     0  ,2020-09-08 14:15:00.261987
   0,3,  45,50,5000,5,     0  ,2020-09-08 14:15:00.504631
   0,3,  45,50,5000,5,     0  ,2020-09-08 14:15:00.748278
   0,3,  45,50,5000,5,     0  ,2020-09-08 14:15:00.990922
   0,3,  45,50,5000,5,     0  ,2020-09-08 14:15:01.246601
   0,3,  45,50,5000,5,     0  ,2020-09-08 14:15:01.490248
   0,3,  45,50,5000,5,     0  ,2020-09-08 14:15:01.745926
   0,3,  45,50,5000,5,     0  ,2020-09-08 14:15:02.003610
   0,3,  45,50,5000,5,     0  ,2020-09-08 14:15:02.250266
   0,3,  45,50,5000,5,     0  ,2020-09-08 14:15:02.489901
   0,3,  45,50,5000,5,     0  ,2020-09-08 14:15:02.733547
   0,3,  45,50,5000,5,     0  ,2020-09-08 14:15:02.993237
   0,3,  45,50,5000,5,     0  ,2020-09-08 14:15:03.245907
   0,3,  45,50,5000,5,     0  ,2020-09-08 14:15:03.500583
   0,3,  45,50,5000,5,     0  ,2020-09-08 14:15:03.754257
   0,3,  45,50,5000,5,     0  ,2020-09-08 14:15:04.014948
   0,3,  45,50,5000,5,     0  ,2020-09-08 14:15:04.268621
   0,3,  45,50,5000,5,     0  ,2020-09-08 14:15:04.511266
   0,3,  45,50,5000,5,     0  ,2020-09-08 14:15:04.755914
   0,3,  45,50,5000,5,     0  ,2020-09-08 14:15:05.007583
   0,3,  45,50,5000,5,     0  ,2020-09-08 14:15:05.252233
   0,3,  45,50,5000,5,     0  ,2020-09-08 14:15:05.510919
   0,3,  45,50,5000,5,     0  ,2020-09-08 14:15:05.768603
   0,3,  44,50,5000,5,     0  ,2020-09-08 14:15:06.020271
   0,3,  44,50,5000,5,     0  ,2020-09-08 14:15:06.272941
   0,3,  44,50,5000,5,     0  ,2020-09-08 14:15:06.517590
   0,3,  44,50,5000,5,     0  ,2020-09-08 14:15:06.760235
   0,3,  44,50,5000,5,     0  ,2020-09-08 14:15:07.020926
   0,3,  44,50,5000,5,     0  ,2020-09-08 14:15:07.262568
   0,3,  44,50,5000,5,     0  ,2020-09-08 14:15:07.503207
   0,3,  44,50,5000,5,     0  ,2020-09-08 14:15:07.747856
   0,3,  44,50,5000,5,     0  ,2020-09-08 14:15:07.999525
   0,3,  44,50,5000,5,     0  ,2020-09-08 14:15:08.244174
   0,3,  44,50,5000,5,     0  ,2020-09-08 14:15:08.502860
   0,3,  44,50,5000,5,     0  ,2020-09-08 14:15:08.759542
   0,3,  44,50,5000,5,     0  ,2020-09-08 14:15:09.012212
   0,3,  44,50,5000,5,     0  ,2020-09-08 14:15:09.262877
   0,3,  44,50,5000,5,     0  ,2020-09-08 14:15:09.504518
   0,3,  44,50,5000,5,     0  ,2020-09-08 14:15:09.761200
   0,3,  44,50,5000,5,     0  ,2020-09-08 14:15:10.023897
   0,3,  44,50,5000,5,     0  ,2020-09-08 14:15:10.262532
   0,3,  44,50,5000,5,     0  ,2020-09-08 14:15:10.516204
   0,3,  44,50,5000,5,     0  ,2020-09-08 14:15:10.760853
   0,3,  44,50,5000,5,     0  ,2020-09-08 14:15:11.002496
   0,3,  44,50,5000,5,     0  ,2020-09-08 14:15:11.253160
   0,3,  44,50,5000,5,     0  ,2020-09-08 14:15:11.493799
   0,3,  44,50,5000,5,     0  ,2020-09-08 14:15:11.826682
   0,3,  44,50,5000,5,     0  ,2020-09-08 14:15:11.998137
   0,3,  44,50,5000,5,     0  ,2020-09-08 14:15:12.236771
   0,3,  43,50,5000,5,     0  ,2020-09-08 14:15:12.482423
   0,3,  43,50,5000,5,     0  ,2020-09-08 14:15:12.750134
   0,3,  43,50,5000,5,     0  ,2020-09-08 14:15:13.070986
   0,3,  43,50,5000,5,     0  ,2020-09-08 14:15:13.221384
   0,3,  43,50,5000,5,     0  ,2020-09-08 14:15:13.459016
   0,3,  43,50,5000,5,     0  ,2020-09-08 14:15:13.704666
   0,3,  43,50,5000,5,     0  ,2020-09-08 14:15:13.949316
   0,3,  43,50,5000,5,     0  ,2020-09-08 14:15:14.193965
   0,3,  43,50,5000,5,     0  ,2020-09-08 14:15:14.435607
   0,3,  43,50,5000,5,     0  ,2020-09-08 14:15:14.681260
   0,3,  43,50,5000,5,     0  ,2020-09-08 14:15:14.925908
   0,3,  43,50,5000,5,     0  ,2020-09-08 14:15:15.170558
   0,3,  43,50,5000,5,     0  ,2020-09-08 14:15:15.423228
   0,3,  43,50,5000,5,     0  ,2020-09-08 14:15:15.667877
   0,3,  43,50,5000,5,     0  ,2020-09-08 14:15:15.913529
   0,3,  43,50,5000,5,     0  ,2020-09-08 14:15:16.156173
   0,3,  43,50,5000,5,     0  ,2020-09-08 14:15:16.406839
   0,3,  43,50,5000,5,     0  ,2020-09-08 14:15:16.651489
   0,3,  43,50,5000,5,     0  ,2020-09-08 14:15:16.914185
   0,3,  43,50,5000,5,     0  ,2020-09-08 14:15:17.158835
   0,3,  43,50,5000,5,     0  ,2020-09-08 14:15:17.402481
   0,3,  43,50,5000,5,     0  ,2020-09-08 14:15:17.645125
   0,3,  43,50,5000,5,     0  ,2020-09-08 14:15:17.889774
   0,3,  43,50,5000,5,     0  ,2020-09-08 14:15:18.137432
   0,3,  43,50,5000,5,     0  ,2020-09-08 14:15:18.376065
   0,3,  43,50,5000,5,     0  ,2020-09-08 14:15:18.620715
   0,3,  43,50,5000,5,     0  ,2020-09-08 14:15:18.873385
   0,3,  43,50,5000,5,     0  ,2020-09-08 14:15:19.119037
   0,3,  43,50,5000,5,     0  ,2020-09-08 14:15:19.360679
   0,3,  42,50,5000,5,     0  ,2020-09-08 14:15:19.614352
   0,3,  42,50,5000,5,     0  ,2020-09-08 14:15:19.859002
   0,3,  42,50,5000,5,     0  ,2020-09-08 14:15:20.100643
   0,3,  42,50,5000,5,     0  ,2020-09-08 14:15:20.347299
   0,3,  42,50,5000,5,     0  ,2020-09-08 14:15:20.589942
   0,3,  42,50,5000,5,     0  ,2020-09-08 14:15:20.843614
   0,3,  42,50,5000,5,     0  ,2020-09-08 14:15:21.086259
   0,3,  42,50,5000,5,     0  ,2020-09-08 14:15:21.332913
   0,3,  42,50,5000,5,     0  ,2020-09-08 14:15:21.583578
   0,3,  42,50,5000,5,     0  ,2020-09-08 14:15:21.828228
   0,3,  42,50,5000,5,     0  ,2020-09-08 14:15:22.070872
   0,3,  42,50,5000,5,     0  ,2020-09-08 14:15:22.314520
   0,3,  42,50,5000,5,     0  ,2020-09-08 14:15:22.566186
   0,3,  42,50,5000,5,     0  ,2020-09-08 14:15:22.824874
   0,3,  42,50,5000,5,     0  ,2020-09-08 14:15:23.071528
   0,3,  42,50,5000,5,     0  ,2020-09-08 14:15:23.320188
   0,3,  42,50,5000,5,     0  ,2020-09-08 14:15:23.561829
   0,3,  42,50,5000,5,     0  ,2020-09-08 14:15:23.804473
   0,3,  42,50,5000,5,     0  ,2020-09-08 14:15:24.048120
   0,3,  42,50,5000,5,     0  ,2020-09-08 14:15:24.291767
   0,3,  42,50,5000,5,     0  ,2020-09-08 14:15:24.544438
   0,3,  42,50,5000,5,     0  ,2020-09-08 14:15:24.798110
   0,3,  42,50,5000,5,     0  ,2020-09-08 14:15:25.040754
   0,3,  42,50,5000,5,     0  ,2020-09-08 14:15:25.282395
   0,3,  42,50,5000,5,     0  ,2020-09-08 14:15:25.525040
   0,3,  42,50,5000,5,     0  ,2020-09-08 14:15:25.772698
   0,3,  42,50,5000,5,     0  ,2020-09-08 14:15:26.024365
   0,3,  42,50,5000,5,     0  ,2020-09-08 14:15:26.268012
   0,3,  42,50,5000,5,     0  ,2020-09-08 14:15:26.510656
   0,3,  42,50,5000,5,     0  ,2020-09-08 14:15:26.766336
   0,3,  42,50,5000,5,     0  ,2020-09-08 14:15:27.014994
   0,3,  42,50,5000,5,     0  ,2020-09-08 14:15:27.265660
   0,3,  41,50,5000,5,     0  ,2020-09-08 14:15:27.508303
   0,3,  41,50,5000,5,     0  ,2020-09-08 14:15:27.753956
   0,3,  41,50,5000,5,     0  ,2020-09-08 14:15:28.002616
   0,3,  41,50,5000,5,     0  ,2020-09-08 14:15:28.255287
   0,3,  41,50,5000,5,     0  ,2020-09-08 14:15:28.506955
   0,3,  41,50,5000,5,     0  ,2020-09-08 14:15:28.752607
   0,3,  41,50,5000,5,     0  ,2020-09-08 14:15:29.003272
   0,3,  41,50,5000,5,     0  ,2020-09-08 14:15:29.246919
   0,3,  41,50,5000,5,     0  ,2020-09-08 14:15:29.491568
   0,3,  41,50,5000,5,     0  ,2020-09-08 14:15:29.736217
   0,3,  41,50,5000,5,     0  ,2020-09-08 14:15:29.986882
   0,3,  41,50,5000,5,     0  ,2020-09-08 14:15:30.239553
   0,3,  41,50,5000,5,     0  ,2020-09-08 14:15:30.491223
   0,3,  41,50,5000,5,     0  ,2020-09-08 14:15:30.744895
   0,3,  41,50,5000,5,     0  ,2020-09-08 14:15:30.994557
   0,3,  41,50,5000,5,     0  ,2020-09-08 14:15:31.251239
   0,3,  41,50,5000,5,     0  ,2020-09-08 14:15:31.494886
   0,3,  41,50,5000,5,     0  ,2020-09-08 14:15:31.741540
   0,3,  41,50,5000,5,     0  ,2020-09-08 14:15:31.991202
   0,3,  41,50,5000,5,     0  ,2020-09-08 14:15:32.244876
   0,3,  41,50,5000,5,     0  ,2020-09-08 14:15:32.485515
   0,3,  41,50,5000,5,     0  ,2020-09-08 14:15:32.731167
   0,3,  41,50,5000,5,     0  ,2020-09-08 14:15:32.971805
   0,3,  41,50,5000,5,     0  ,2020-09-08 14:15:33.215452
   0,3,  41,50,5000,5,     0  ,2020-09-08 14:15:33.458096
   0,3,  41,50,5000,5,     0  ,2020-09-08 14:15:33.702746
   0,3,  41,50,5000,5,     0  ,2020-09-08 14:15:33.963437
   0,3,  41,50,5000,5,     0  ,2020-09-08 14:15:34.206081
   0,3,  41,50,5000,5,     0  ,2020-09-08 14:15:34.448725
   0,3,  41,50,5000,5,     0  ,2020-09-08 14:15:34.693374
   0,3,  41,50,5000,5,     0  ,2020-09-08 14:15:34.935016
   0,3,  41,50,5000,5,     0  ,2020-09-08 14:15:35.187687
   0,3,  41,50,5000,5,     0  ,2020-09-08 14:15:35.428325
   0,3,  41,50,5000,5,     0  ,2020-09-08 14:15:35.683001
   0,3,  41,50,5000,5,     0  ,2020-09-08 14:15:35.933666
   0,3,  40,50,5000,5,     0  ,2020-09-08 14:15:36.181323
   0,3,  40,50,5000,5,     0  ,2020-09-08 14:15:36.423968
   0,3,  40,50,5000,5,     0  ,2020-09-08 14:15:36.664607
   0,3,  40,50,5000,5,     0  ,2020-09-08 14:15:36.909256
   0,3,  40,50,5000,5,     0  ,2020-09-08 14:15:37.151900
   0,3,  40,50,5000,5,     0  ,2020-09-08 14:15:37.547951
   0,3,  40,50,5000,5,     0  ,2020-09-08 14:15:38.044268
   0,3,  40,50,5000,5,     0  ,2020-09-08 14:15:38.094402
   0,3,  40,50,5000,5,     0  ,2020-09-08 14:15:38.225750
   0,3,  40,50,5000,5,     0  ,2020-09-08 14:15:38.875475
   0,3,  40,50,5000,5,     0  ,2020-09-08 14:15:39.145190
   0,3,  40,50,5000,5,     0  ,2020-09-08 14:15:39.366779
   0,3,  40,50,5000,5,     0  ,2020-09-08 14:15:39.619449
   0,3,  40,50,5000,5,     0  ,2020-09-08 14:15:39.864098
   0,3,  40,50,5000,5,     0  ,2020-09-08 14:15:40.106743
   0,3,  40,50,5000,5,     0  ,2020-09-08 14:15:40.352395
   0,3,  40,50,5000,5,     0  ,2020-09-08 14:15:40.594036
   0,3,  40,50,5000,5,     0  ,2020-09-08 14:15:40.840691
   0,3,  40,50,5000,5,     0  ,2020-09-08 14:15:41.083334
   0,3,  40,50,5000,5,     0  ,2020-09-08 14:15:41.341019
   0,3,  40,50,5000,5,     0  ,2020-09-08 14:15:41.584666
   0,3,  40,50,5000,5,     0  ,2020-09-08 14:15:41.830317
   0,3,  40,50,5000,5,     0  ,2020-09-08 14:15:42.080983
   0,3,  40,50,5000,5,     0  ,2020-09-08 14:15:42.326636
   0,3,  40,50,5000,5,     0  ,2020-09-08 14:15:42.569278
   0,3,  40,50,5000,5,     0  ,2020-09-08 14:15:42.814931
   0,3,  40,50,5000,5,     0  ,2020-09-08 14:15:43.058578
   0,3,  40,50,5000,5,     0  ,2020-09-08 14:15:43.304229
   0,3,  40,50,5000,5,     0  ,2020-09-08 14:15:43.553892
   0,3,  40,50,5000,5,     0  ,2020-09-08 14:15:43.799545
   0,3,  40,50,5000,5,     0  ,2020-09-08 14:15:44.043190
   0,3,  40,50,5000,5,     0  ,2020-09-08 14:15:44.287841
   0,3,  40,50,5000,5,     0  ,2020-09-08 14:15:44.532490
   0,3,  40,50,5000,5,     0  ,2020-09-08 14:15:44.776136
   0,3,  40,50,5000,5,     0  ,2020-09-08 14:15:45.020786
   0,3,  40,50,5000,5,     0  ,2020-09-08 14:15:45.273456
   0,3,  40,50,5000,5,     0  ,2020-09-08 14:15:45.516099
   0,3,  40,50,5000,5,     0  ,2020-09-08 14:15:45.761753
   0,3,  40,50,5000,5,     0  ,2020-09-08 14:15:46.014423
   0,3,  40,50,5000,5,     0  ,2020-09-08 14:15:46.267094
   0,3,  39,50,5000,5,     0  ,2020-09-08 14:15:46.520767
   0,3,  39,50,5000,5,     0  ,2020-09-08 14:15:46.765416
   0,3,  39,50,5000,5,     0  ,2020-09-08 14:15:47.009062
   0,3,  39,50,5000,5,     0  ,2020-09-08 14:15:47.254715
   0,3,  39,50,5000,5,     0  ,2020-09-08 14:15:47.514405
   0,3,  39,50,5000,5,     0  ,2020-09-08 14:15:47.760055
   0,3,  39,50,5000,5,     0  ,2020-09-08 14:15:47.999692
   0,3,  39,50,5000,5,     0  ,2020-09-08 14:15:48.243339
   0,3,  39,50,5000,5,     0  ,2020-09-08 14:15:48.496009
   0,3,  39,50,5000,5,     0  ,2020-09-08 14:15:48.741662
   0,3,  39,50,5000,5,     0  ,2020-09-08 14:15:48.992327
   0,3,  39,50,5000,5,     0  ,2020-09-08 14:15:49.238981
   0,3,  39,50,5000,5,     0  ,2020-09-08 14:15:49.480623
   0,3,  39,50,5000,5,     0  ,2020-09-08 14:15:49.736301
   0,3,  39,50,5000,5,     0  ,2020-09-08 14:15:49.976940
   0,3,  39,50,5000,5,     0  ,2020-09-08 14:15:50.222592
   0,3,  39,50,5000,5,     0  ,2020-09-08 14:15:50.475263
   0,3,  39,50,5000,5,     0  ,2020-09-08 14:15:50.709885
   0,3,  39,50,5000,5,     0  ,2020-09-08 14:15:50.950524
   0,3,  39,50,5000,5,     0  ,2020-09-08 14:15:51.200187
   0,3,  39,50,5000,5,     0  ,2020-09-08 14:15:51.441830
   0,3,  39,50,5000,5,     0  ,2020-09-08 14:15:51.683470
   0,3,  39,50,5000,5,     0  ,2020-09-08 14:15:51.931128
   0,3,  39,50,5000,5,     0  ,2020-09-08 14:15:52.172769
   0,3,  39,50,5000,5,     0  ,2020-09-08 14:15:52.417418
   0,3,  39,50,5000,5,     0  ,2020-09-08 14:15:52.656050
   0,3,  39,50,5000,5,     0  ,2020-09-08 14:15:52.901703
   0,3,  39,50,5000,5,     0  ,2020-09-08 14:15:53.145350
   0,3,  39,50,5000,5,     0  ,2020-09-08 14:15:53.392004
1747,3,  39,50,5000,5,    21  ,2020-09-08 14:15:53.638658
1747,3,  39,50,5000,5,   268  ,2020-09-08 14:15:53.883308
1747,3,  39,50,5000,5,   519  ,2020-09-08 14:15:54.134978
1747,3,  39,50,5000,5,   763  ,2020-09-08 14:15:54.377620
1747,3,  39,50,5000,5,  1007  ,2020-09-08 14:15:54.622269
1747,3,  39,50,5000,5,  1252  ,2020-09-08 14:15:54.865916
1747,3,  39,50,5000,5,  1493  ,2020-09-08 14:15:55.108560
1747,3,  39,50,5000,5,  1738  ,2020-09-08 14:15:55.352207
1747,3,  39,50,5000,5,  1989  ,2020-09-08 14:15:55.601870
1747,3,  39,50,5000,5,  2234  ,2020-09-08 14:15:55.856546
1747,3,  39,50,5000,5,  2484  ,2020-09-08 14:15:56.102197
1747,3,  39,50,5000,5,  2730  ,2020-09-08 14:15:56.346848
1747,3,  39,50,5000,5,  2974  ,2020-09-08 14:15:56.589491
1747,3,  39,50,5000,5,  3219  ,2020-09-08 14:15:56.845170
1747,3,  39,50,5000,5,  3480  ,2020-09-08 14:15:57.092828
1747,3,  39,50,5000,5,  3722  ,2020-09-08 14:15:57.339482
1747,3,  39,50,5000,5,  3967  ,2020-09-08 14:15:57.581124
1747,3,  39,50,5000,5,  4211  ,2020-09-08 14:15:57.835799
1747,3,  39,50,5000,5,  4463  ,2020-09-08 14:15:58.078442
1747,3,  39,50,5000,5,  4706  ,2020-09-08 14:15:58.323092
1747,3,  39,50,5000,5,  4950  ,2020-09-08 14:15:58.566739
1747,3,  39,50,5000,5,  5194  ,2020-09-08 14:15:58.812391
1747,3,  39,50,5000,5,  5441  ,2020-09-08 14:15:59.065061
1747,3,  39,50,5000,5,  5695  ,2020-09-08 14:15:59.308709
1747,3,  39,50,5000,5,  5938  ,2020-09-08 14:15:59.553357
1747,3,  39,50,5000,5,  6179  ,2020-09-08 14:15:59.798007
1747,3,  39,50,5000,5,  6426  ,2020-09-08 14:16:00.042656
